Knot,Ropelength,Writhe,Average Crossing Number
12a1,107.17451,2.15834,49.19608587
12a2,105.82171,2.84353,48.69438277
12a3,107.51164,0.000699,48.6350329
12a4,110.04769,0.0937,50.17001484
12a5,106.30156,7.00674,50.49660161
12a6,107.37657,5.04129,49.31854973
12a7,107.46051,7.0953,49.36215521
12a8,108.94524,0.29255,49.05800282
12a9,106.27815,2.86967,47.56555433
12a10,106.99421,6.93127,48.853204
12a11,105.65835,11.97613,48.6127217
12a12,106.86368,9.0572,47.14891745
12a13,111.0108,1.87814,50.97991126
12a14,107.44013,7.10908,49.61700969
12a15,107.26349,2.19863,50.17759873
12a16,107.85385,0.15781,48.34836045
12a17,106.86001,4.77974,49.26610282
12a18,106.92779,2.73652,49.30429173
12a19,106.93868,6.9843,47.7597878
12a20,107.43357,2.10035,47.26720793
12a21,108.08538,13.97284,49.29669615
12a22,110.86432,3.7533,47.46662803
12a23,105.92565,0.04753,48.67207312
12a24,109.42288,9.63389,48.27729637
12a25,107.93284,0.06795,48.5567726
12a26,107.0821,11.83451,45.97727935
12a27,107.12274,9.03575,47.89683231
12a28,107.14154,6.93418,48.69153678
12a29,107.61776,6.88127,49.01104018
12a30,106.50496,2.05506,49.22466391
12a31,105.38169,6.95474,47.70607871
12a32,105.84731,4.98238,49.20391219
12a33,108.42741,1.91333,49.3444668
12a34,105.14705,16.9545,46.07028233
12a35,107.09567,13.98462,48.18488485
12a36,107.09295,16.95294,47.27048449
12a37,107.29519,13.97315,46.24594044
12a38,105.914,11.19249,44.22754465
12a39,106.80567,4.97422,48.83089884
12a40,107.61028,7.0557,48.69987864
12a41,106.87524,11.83948,48.34235506
12a42,106.35997,8.94304,47.33297571
12a43,107.48596,21.11791,49.61322836
12a44,107.62266,14.13557,50.32008222
12a45,106.63407,4.8337,49.48667875
12a46,106.87338,2.08494,49.76033093
12a47,106.47204,13.88384,47.94000673
12a48,107.24221,0.01354,50.19532648
12a49,108.52042,9.21604,49.71137256
12a50,106.61788,5.03549,46.5155194
12a51,106.93632,2.02014,49.31350923
12a52,105.23497,23.97184,47.50912656
12a53,108.02371,21.0002,48.87768516
12a54,106.70598,2.06685,47.25520762
12a55,107.34055,20.98265,47.17322133
12a56,105.15395,18.06966,46.16324971
12a57,108.22387,1.99112,49.04682632
12a58,106.74985,0.07325,48.28695437
12a59,108.01843,6.934,50.50316845
12a60,106.84094,0.01539,50.46559676
12a61,107.74744,5.06318,46.67944377
12a62,106.4628,2.10747,46.30649035
12a63,107.48825,7.0657,50.26357166
12a64,108.11461,14.11083,51.03420757
12a65,107.94436,4.93256,49.7119132
12a66,107.39064,2.2566,50.4356497
12a67,106.27134,4.92264,49.98457674
12a68,106.39278,2.08597,50.59161857
12a69,108.89521,7.1356,49.63539737
12a70,106.9734,11.92241,50.35069124
12a71,105.76703,4.95636,48.6410088
12a72,105.76388,2.09042,50.05144171
12a73,107.087,6.9406,49.86302533
12a74,107.9165,6.94402,50.12477392
12a75,106.62229,13.99362,48.33403978
12a76,105.16679,11.08664,47.69224795
12a77,111.77024,0.61028,48.56951693
12a78,107.16614,11.93744,47.98836291
12a79,108.14915,2.32179,49.39325297
12a80,106.59267,2.19393,48.56146948
12a81,108.07708,4.87888,48.32145726
12a82,109.15615,20.72867,48.37781023
12a83,108.035,13.98469,50.50370202
12a84,108.06945,4.86795,48.42145333
12a85,111.24154,12.44107,48.70295438
12a86,107.84296,9.18154,48.09757524
12a87,109.66426,4.83302,49.67581708
12a88,110.04555,6.62035,51.15458826
12a89,106.23802,9.05921,49.20571217
12a90,107.11977,7.02548,49.83564497
12a91,106.53815,11.92297,50.066746
12a92,105.88089,4.90673,50.55741918
12a93,106.14532,23.84256,47.23734649
12a94,105.92584,21.05612,50.26635002
12a95,107.40113,9.21677,50.41544702
12a96,108.80332,21.13418,45.55279308
12a97,106.72801,18.28014,49.09332317
12a98,108.48369,4.74962,47.35695494
12a99,107.39526,0.00862,50.11203937
12a100,108.74017,2.40216,49.17889951
12a101,111.41031,1.72946,50.64391446
12a102,109.75361,20.81774,50.713521
12a103,107.29078,6.95694,48.79958227
12a104,107.2685,9.03889,48.90523186
12a105,105.00379,16.88478,49.46728202
12a106,106.02389,14.00633,47.63868061
12a107,109.52726,20.80344,50.50116076
12a108,107.17538,7.0499,50.54640549
12a109,105.60343,2.09126,48.27305252
12a110,106.45401,13.93404,48.00057402
12a111,107.66928,11.89162,49.96383223
12a112,108.26094,4.78922,47.51184369
12a113,106.64303,6.94645,49.77195092
12a114,106.48625,13.97769,50.86429776
12a115,107.10947,2.16565,50.51712435
12a116,106.19928,4.97697,48.42051925
12a117,107.1687,14.03693,48.51847588
12a118,105.81594,1.99214,47.87883693
12a119,106.11009,11.93619,49.04380304
12a120,107.08053,7.02799,49.01760239
12a121,105.66118,2.026,47.59479631
12a122,106.01444,4.93202,49.08620647
12a123,105.99561,9.8671,48.73527347
12a124,106.51541,6.96497,48.61758675
12a125,106.7474,0.04164,51.70508931
12a126,109.10668,0.06649,49.73165171
12a127,109.25776,7.22712,49.19533754
12a128,107.10261,4.20277,47.57863927
12a129,106.20554,4.95844,48.91323431
12a130,108.91642,2.28746,47.97612359
12a131,108.86985,5.07643,50.15825076
12a132,108.35677,0.20636,50.47911754
12a133,107.10394,4.96635,50.82618334
12a134,106.76522,2.04717,49.70806694
12a135,107.55324,5.01869,49.75442335
12a136,106.87416,4.90283,50.515274
12a137,107.05095,4.92786,50.6973269
12a138,106.51074,4.88618,49.37456223
12a139,109.09913,0.13393,50.15176121
12a140,105.36712,1.99994,48.73184066
12a141,108.07828,2.06733,47.74788831
12a142,107.38967,11.9081,48.55670338
12a143,105.31891,23.90132,45.69994941
12a144,106.96373,20.86402,47.60607107
12a145,108.18787,21.1636,48.07793461
12a146,104.55371,14.84005,45.61855409
12a147,106.19008,11.88676,47.16795158
12a148,108.73844,11.88287,47.59106152
12a149,108.69071,7.12661,48.67991571
12a150,105.57286,9.12227,48.0217263
12a151,107.1796,8.99127,45.19988973
12a152,106.95286,17.92636,45.95124485
12a153,104.80286,9.00446,45.91503705
12a154,109.01499,13.84562,50.93715296
12a155,106.85846,4.95435,48.46768115
12a156,105.35392,18.14337,48.64630592
12a157,106.78364,2.16103,49.25309964
12a158,106.34504,16.77221,46.92459652
12a159,107.473,14.06203,46.25798698
12a160,106.68631,12.08907,44.42189205
12a161,108.1045,9.13846,46.67607313
12a162,109.8916,13.73379,49.86930419
12a163,106.85506,9.22972,50.48203292
12a164,105.47192,7.01473,47.98431735
12a165,106.18869,9.86295,47.54105588
12a166,106.85081,6.9567,47.63609108
12a167,106.03347,11.94154,47.48815441
12a168,104.85803,8.98117,47.27374228
12a169,104.02094,5.98045,44.60372226
12a170,108.11826,6.85075,47.8221206
12a171,108.34359,2.25219,48.99521369
12a172,109.39782,9.47271,48.19204634
12a173,107.46563,0.02447,47.52088188
12a174,106.72382,4.97784,49.08278034
12a175,108.26865,7.11056,48.46973111
12a176,111.63204,3.18013,46.66707387
12a177,106.1378,6.89901,49.43528796
12a178,107.07436,2.75633,49.6487879
12a179,107.06874,4.94429,46.476094
12a180,108.07343,2.17989,46.72226858
12a181,108.35138,0.13108,49.28392921
12a182,108.19883,4.90905,49.18107741
12a183,105.05775,0.03501,46.02314475
12a184,107.60993,0.01846,49.95929837
12a185,106.58377,4.88829,50.47762559
12a186,107.25365,11.92784,49.89477847
12a187,105.82605,9.05935,49.54276194
12a188,105.86125,2.14991,49.64027942
12a189,108.18987,2.24982,50.11663275
12a190,106.57998,11.97579,48.7424462
12a191,107.33145,7.0083,49.92820371
12a192,106.79573,9.12993,48.16865322
12a193,106.63327,9.86543,46.30006007
12a194,107.04593,7.05581,49.10048447
12a195,106.06684,9.8141,48.81531832
12a196,107.03457,6.97786,46.73154231
12a197,105.69297,3.96556,46.82559171
12a198,108.17364,0.0583,50.64153553
12a199,108.39603,14.14393,51.293823
12a200,106.79484,7.04137,49.3134635
12a201,105.58655,4.0791,48.65372685
12a202,107.79548,2.15939,49.26868993
12a203,106.85698,5.03664,48.30729168
12a204,107.66544,2.012,47.96603101
12a205,108.17163,16.62456,46.93981464
12a206,105.46785,14.0064,46.24382486
12a207,105.95082,2.88083,47.77272227
12a208,107.92403,0.07574,47.58584418
12a209,108.43657,0.13877,50.05827021
12a210,110.35811,14.29904,48.9781361
12a211,107.08508,2.15843,49.51152731
12a212,107.16768,4.99038,47.68111559
12a213,108.36743,4.95917,50.1574254
12a214,109.46562,0.02687,48.85685908
12a215,105.68286,7.01515,49.04659135
12a216,105.00596,9.96655,48.64568651
12a217,108.39118,2.26227,51.03125814
12a218,106.77304,6.95152,49.35024165
12a219,106.30538,11.96925,48.93595161
12a220,108.1594,5.12123,49.17463873
12a221,109.83165,2.43748,48.24074428
12a222,107.50494,0.09459,51.01068016
12a223,105.7038,4.12659,48.87048599
12a224,107.6099,4.96974,49.54143565
12a225,107.53489,6.93942,50.57635103
12a226,107.71661,14.1118,47.47701462
12a227,108.50263,13.79974,51.23431702
12a228,107.90934,4.90123,51.05544844
12a229,106.83128,0.07024,49.32786449
12a230,107.06648,9.11283,48.38126934
12a231,107.07639,13.99527,50.20771769
12a232,107.03703,13.98023,49.58403379
12a233,108.24228,0.08078,51.05782237
12a234,106.04931,2.03039,46.42692355
12a235,108.17461,4.86605,48.73385903
12a236,106.07736,16.93793,46.03128938
12a237,107.35084,14.05256,48.1764651
12a238,107.26452,14.07661,47.19731821
12a239,108.86382,11.32512,44.78956282
12a240,108.04571,11.96906,48.06754272
12a241,109.54495,9.06397,48.82067774
12a242,107.95587,4.90139,47.52820969
12a243,108.71909,2.05858,47.30593966
12a244,107.60197,9.08819,50.43968551
12a245,106.66464,2.13856,50.21406119
12a246,109.11197,9.67261,46.84531776
12a247,107.86042,6.8335,48.00801108
12a248,105.41861,4.20575,48.41706691
12a249,106.39855,9.01241,48.4647573
12a250,106.2399,9.84683,48.05462401
12a251,109.86255,7.09034,48.69596849
12a252,107.53167,17.10157,45.53778587
12a253,106.20014,13.94693,47.59309113
12a254,106.12168,13.94954,48.61366158
12a255,104.96135,11.12052,48.36960374
12a256,105.88742,7.03362,49.57374759
12a257,108.79456,7.05008,49.39429566
12a258,107.76368,0.15584,47.86863152
12a259,108.65597,2.53717,47.17240904
12a260,107.54541,2.64558,50.67605703
12a261,107.13776,2.14872,49.0088399
12a262,106.67581,2.83346,48.62486415
12a263,110.69749,6.90468,49.5600087
12a264,107.54888,5.00457,50.97176074
12a265,110.62944,0.25103,49.98607204
12a266,106.99557,11.82765,50.12372317
12a267,106.68251,9.02477,49.88180789
12a268,107.7715,0.0599,50.28568234
12a269,105.46202,13.90875,48.10608248
12a270,105.40417,11.0631,46.66678349
12a271,106.37047,2.14806,49.00369476
12a272,107.21756,4.92068,48.90266075
12a273,109.59712,0.00658,49.70713493
12a274,107.31889,11.95453,47.39673217
12a275,106.88518,9.09827,48.3825148
12a276,105.45134,23.91838,48.16552432
12a277,106.5245,21.03817,47.10206336
12a278,104.91101,4.94748,47.20448627
12a279,106.2466,2.02097,47.45072647
12a280,106.82619,7.00434,47.74758761
12a281,107.60718,11.81419,48.17253287
12a282,108.79647,0.02299,49.55378459
12a283,109.0328,4.93604,50.10425843
12a284,105.71281,4.94167,49.35358034
12a285,106.93969,4.89378,50.65825849
12a286,106.59257,2.03561,50.11141755
12a287,107.39714,6.96536,49.4166444
12a288,107.26911,6.97598,50.7429342
12a289,105.85339,14.02134,49.48112715
12a290,108.43871,7.16219,49.70949237
12a291,106.56903,4.19006,50.23962501
12a292,106.83631,4.91198,50.02850786
12a293,107.11464,20.88954,50.35122268
12a294,107.54861,11.94226,50.46477175
12a295,107.74118,20.93843,49.59961302
12a296,107.16155,6.89471,49.8616981
12a297,106.44762,12.00552,47.6860877
12a298,109.39308,4.69948,47.71605943
12a299,107.76904,9.65824,48.35089612
12a300,109.22233,6.84162,49.05862396
12a301,107.03269,2.09368,50.93461109
12a302,109.42866,9.40459,48.8159368
12a303,109.32198,2.30641,47.75260728
12a304,108.9025,9.60797,48.23522844
12a305,106.98102,4.85191,47.87167385
12a306,110.06473,6.89967,49.31862944
12a307,109.74842,2.11214,49.19302672
12a308,105.94866,1.98478,50.09860392
12a309,107.2247,1.93916,51.40772285
12a310,111.68688,0.43784,50.02466065
12a311,106.45598,14.05741,49.1202248
12a312,105.9373,11.15068,48.64444513
12a313,108.64743,9.25147,50.42365377
12a314,106.36801,14.02325,50.78169923
12a315,107.83354,14.01067,49.15490933
12a316,109.27569,0.17532,50.31614077
12a317,107.24362,9.22673,49.8755658
12a318,106.22652,4.96837,49.23079645
12a319,106.85592,21.01652,49.00538523
12a320,105.20529,18.08333,49.04240499
12a321,106.43033,16.80111,48.74775233
12a322,106.09745,14.00626,49.78268904
12a323,106.32728,0.02536,50.14405306
12a324,106.66817,4.77555,50.43721277
12a325,108.14491,4.81951,50.16569485
12a326,106.0605,9.12036,50.36937826
12a327,105.7172,9.13526,48.32795678
12a328,108.83902,4.76948,50.23356977
12a329,106.91683,13.94989,47.72131531
12a330,107.4851,11.21762,45.28185222
12a331,108.24878,11.94833,49.1458037
12a332,108.25087,8.98653,50.06887096
12a333,113.30055,0.01254,51.45493152
12a334,106.9286,2.18489,49.83748831
12a335,109.55871,4.97413,50.62699003
12a336,109.78317,14.10378,49.31722885
12a337,108.67511,6.73046,50.42038172
12a338,107.64034,6.95838,49.3655735
12a339,105.71235,11.12343,50.1663067
12a340,108.19028,6.91009,49.08937001
12a341,107.06772,0.00163,50.66599978
12a342,106.90505,0.02721,50.13149059
12a343,106.07844,6.94733,50.00234938
12a344,107.7,20.92249,48.67085947
12a345,106.2716,18.18736,47.76324506
12a346,108.61934,2.04083,48.96560195
12a347,107.27402,4.86374,49.58250603
12a348,106.76073,0.14478,49.94765024
12a349,106.35465,11.93881,49.32661045
12a350,107.38832,14.0354,50.17114078
12a351,106.73868,2.11906,49.55136069
12a352,107.08137,7.01503,49.41593898
12a353,109.70607,9.28459,48.65074629
12a354,107.27339,9.0411,50.48798499
12a355,104.95754,20.98981,48.04289552
12a356,105.71652,18.13686,47.00106527
12a357,106.74813,2.19936,48.59208878
12a358,108.21899,4.85642,50.41475943
12a359,106.75711,0.08439,49.46597673
12a360,107.62806,2.13488,51.18419415
12a361,108.31501,0.07714,51.22117005
12a362,106.35343,11.96221,50.09182387
12a363,108.36055,11.89896,49.00588784
12a364,108.23746,7.01163,50.91503439
12a365,107.39244,2.74424,47.47787725
12a366,106.18576,0.09145,48.65736216
12a367,106.61573,23.70506,46.04395198
12a368,106.75143,21.04764,48.4934636
12a369,103.83641,14.93841,44.81516972
12a370,106.51115,11.93841,47.0605243
12a371,104.36808,12.00285,46.55163282
12a372,107.43984,9.12644,47.31961911
12a373,105.24287,16.84947,47.74694241
12a374,106.689,0.10407,48.85654939
12a375,105.39507,11.9759,46.24583809
12a376,107.04825,9.17886,46.01966138
12a377,107.86483,0.08308,50.57945449
12a378,110.17728,2.35433,47.14317021
12a379,103.14383,9.03192,46.08069895
12a380,104.36806,6.13864,45.47088377
12a381,106.67293,7.13371,49.83088135
12a382,108.14904,9.5264,47.41685398
12a383,106.32825,4.92563,49.07898288
12a384,105.86407,7.03309,49.6121791
12a385,108.98252,2.28323,49.90614346
12a386,107.55825,11.8208,49.05827767
12a387,106.72219,2.07288,50.69204103
12a388,106.97996,0.0514,49.94137222
12a389,107.20475,6.99968,50.63864961
12a390,109.56333,7.03257,48.49833346
12a391,108.56754,21.03411,49.18923286
12a392,105.2537,18.08799,48.68478436
12a393,107.96898,14.0112,48.40701238
12a394,108.48362,11.74868,48.9281458
12a395,106.2404,9.08666,49.41988197
12a396,106.14165,2.09068,49.43149595
12a397,107.40112,13.89513,49.79502726
12a398,107.46477,9.67173,49.52613017
12a399,108.72675,9.24791,50.29781098
12a400,107.19387,9.07109,50.65950539
12a401,105.66553,4.99383,48.14273266
12a402,107.7369,4.75275,51.29112295
12a403,108.27334,2.24058,50.0143938
12a404,106.20981,2.84946,50.32077295
12a405,106.18504,6.95668,50.47674862
12a406,110.62002,6.86096,49.05229519
12a407,107.4893,9.08887,50.2659292
12a408,107.48523,13.9326,50.46382388
12a409,105.46137,16.86641,48.71796378
12a410,106.40183,13.93308,49.07189523
12a411,107.2432,11.98907,48.40876584
12a412,107.75552,9.22843,48.41147429
12a413,108.49443,4.61524,49.38247677
12a414,107.12186,11.174,48.4199766
12a415,107.52257,0.0737,50.28966019
12a416,106.97448,4.94665,48.8465007
12a417,108.48439,6.96499,51.01394727
12a418,107.29664,4.88731,50.60232812
12a419,107.27541,4.80662,50.38842476
12a420,106.26549,21.03234,46.34191916
12a421,107.80651,18.1932,47.13140175
12a422,104.49822,7.91494,46.56027741
12a423,105.82433,4.93265,47.52771086
12a424,108.18429,4.93876,48.1874144
12a425,105.63312,2.02104,45.84698854
12a426,109.80413,0.28153,49.26299792
12a427,107.06636,0.06412,49.84448378
12a428,105.95896,2.01002,49.40881709
12a429,107.83847,4.98476,50.53874858
12a430,107.07103,11.87705,49.54375872
12a431,107.81535,20.93755,50.8117475
12a432,108.49194,20.94154,50.33057692
12a433,107.75163,13.85637,48.48180312
12a434,107.36122,5.0066,50.38182427
12a435,106.59722,0.03946,50.45686646
12a436,105.1854,4.98851,48.60809616
12a437,107.90858,2.16661,48.50321365
12a438,106.82452,2.19215,49.73177131
12a439,108.80536,0.13663,50.78231765
12a440,106.38208,12.07584,47.66872732
12a441,108.05283,9.25179,50.0124507
12a442,104.80222,20.99685,46.83426665
12a443,105.01194,18.20509,47.83124729
12a444,105.29593,13.94343,46.76396627
12a445,107.34076,4.79809,48.19212487
12a446,108.44369,4.76707,50.16834505
12a447,106.75034,1.98576,47.19656674
12a448,105.55757,4.12797,47.80254442
12a449,105.79587,5.00381,48.6163297
12a450,105.85995,9.08747,48.96249504
12a451,108.7175,4.91351,51.69565472
12a452,107.12223,0.04633,50.63746119
12a453,106.21492,0.04202,47.1381389
12a454,106.91534,2.85694,46.73405055
12a455,108.04269,4.95752,50.62558612
12a456,108.19105,0.02358,49.65892853
12a457,108.067,-2.7193,50.9564
12a458,106.94573,0.06765,50.11384402
12a459,107.54851,9.10557,50.85463811
12a460,107.02575,0.04258,50.86081241
12a461,107.39895,14.05206,50.11548997
12a462,105.54672,0.03826,49.52590581
12a463,105.37095,2.85053,46.38700575
12a464,106.38638,2.12134,50.24822053
12a465,107.52018,0.01327,50.23280502
12a466,106.35492,11.95523,50.33136305
12a467,107.12504,6.94145,51.34562436
12a468,106.12793,4.98802,50.08971632
12a469,106.24822,2.0727,49.79964454
12a470,107.84366,7.12955,50.62977838
12a471,107.06221,0.12327,45.20905859
12a472,109.37588,13.79694,50.56384441
12a473,107.6508,2.1076,50.97890421
12a474,107.16607,7.03517,50.38998635
12a475,108.07229,4.81544,50.75884457
12a476,105.81189,9.81217,49.16666375
12a477,108.6492,0.05809,47.12936116
12a478,108.34527,4.75059,48.77368983
12a479,107.23695,2.09596,51.37922363
12a480,107.57589,6.90168,50.15887917
12a481,106.20884,2.75712,47.21931758
12a482,104.37888,0.05133,44.74774822
12a483,107.09445,7.01017,50.38057439
12a484,107.53337,0.1283,51.05770844
12a485,107.80378,4.89152,49.9270463
12a486,108.66316,0.15181,49.98343845
12a487,108.0779,6.99405,51.04968905
12a488,105.73127,2.81038,49.55900753
12a489,106.30086,6.9375,49.27265764
12a490,106.93421,20.95402,49.76206531
12a491,108.26326,0.14416,51.79552755
12a492,106.49979,0.1229,50.14448513
12a493,105.72156,2.79833,49.66802209
12a494,106.57578,0.09932,49.67023341
12a495,107.91332,11.93086,50.13959118
12a496,108.47837,7.04605,49.79129918
12a497,110.00261,0.01428,48.38672021
12a498,110.66315,4.88321,49.54840361
12a499,108.98314,0.08408,50.48345118
12a500,111.41647,5.13323,47.84441762
12a501,110.88814,4.35235,47.94619936
12a502,106.46888,16.91847,45.48711675
12a503,106.48056,2.57207,45.48173705
12a504,108.68375,14.06766,46.07568182
12a505,107.42375,7.0008,48.3725671
12a506,106.37926,0.01595,49.88634104
12a507,109.95286,16.94384,48.69569698
12a508,104.75816,14.09715,47.8258734
12a509,107.19766,7.10659,48.76442065
12a510,108.03803,0.09396,49.28873579
12a511,110.92171,11.87668,49.71622994
12a512,106.31781,4.92652,49.69225661
12a513,107.60144,9.07763,49.05638659
12a514,106.94521,9.21842,49.1681767
12a515,108.03107,2.17291,47.98329526
12a516,108.05588,6.98725,50.5290299
12a517,107.83534,9.78622,49.06582864
12a518,106.56069,2.02232,48.1443794
12a519,106.41905,16.90898,46.86948895
12a520,105.66855,14.24,46.10876916
12a521,108.21217,9.73035,45.45448751
12a522,108.22748,13.87899,49.7650412
12a523,108.60426,2.15814,49.34491638
12a524,108.0407,6.86142,48.79875276
12a525,107.06389,4.30412,47.80524366
12a526,107.06393,6.9897,48.87752153
12a527,109.90045,11.87356,49.32969836
12a528,108.76706,4.89943,48.19106889
12a529,106.95974,2.07361,49.61992737
12a530,108.25447,1.9936,49.98408459
12a531,106.49858,7.04124,48.62817529
12a532,107.27954,4.3933,47.30812982
12a533,107.27022,11.86713,49.61317856
12a534,107.3973,9.17137,48.36548344
12a535,107.92157,4.86237,46.62330057
12a536,108.79053,9.64435,46.2256886
12a537,107.78498,6.86567,48.68322369
12a538,105.43224,16.91825,45.75590803
12a539,106.36226,14.13019,48.97102026
12a540,108.33286,13.89997,46.7165352
12a541,108.05206,9.67408,47.62919269
12a542,105.4597,11.15452,48.44360295
12a543,105.49353,6.95187,49.98862356
12a544,107.24961,2.08972,47.31253889
12a545,109.03446,4.98466,47.27679933
12a546,106.41861,6.97363,49.85727801
12a547,107.68098,14.03648,50.13111662
12a548,108.30328,9.90388,43.08759985
12a549,106.393,7.06898,47.28712068
12a550,106.19038,2.03162,45.84747353
12a551,108.22704,11.14226,45.44428142
12a552,106.24177,6.79469,47.61458328
12a553,106.46759,11.8947,49.00855748
12a554,108.2518,0.04916,49.62591046
12a555,106.98308,2.07312,50.29417899
12a556,106.7132,13.9425,48.99462577
12a557,105.4229,11.17157,47.42059766
12a558,106.12786,11.92403,49.46866066
12a559,107.44993,9.08586,48.78973998
12a560,108.51956,1.97953,48.43784272
12a561,108.02645,11.89484,49.45461627
12a562,106.47365,6.83864,47.93800639
12a563,107.66131,14.05109,47.10795533
12a564,104.60564,11.20083,48.96595174
12a565,106.62906,11.83518,49.24775644
12a566,106.87396,9.11037,48.40045273
12a567,105.89954,1.97589,50.79271705
12a568,106.64659,14.0672,48.19587362
12a569,107.93309,11.97773,47.53190203
12a570,106.12231,9.02673,47.51925055
12a571,110.28096,6.86439,50.86596024
12a572,106.91023,7.06637,49.45224692
12a573,107.07049,2.75254,49.59008338
12a574,107.09742,23.91015,46.45679757
12a575,105.2494,20.87852,48.19210144
12a576,107.68174,14.9185,45.04779847
12a577,103.70199,11.84972,46.33059602
12a578,107.30684,12.03141,47.70376824
12a579,107.2675,0.24907,47.9673206
12a580,109.06728,12.05951,44.51230189
12a581,103.87043,9.03304,47.33798647
12a582,106.34576,9.34779,46.33034712
12a583,108.48776,0.03817,49.68550744
12a584,110.5206,4.69604,46.23885088
12a585,108.84164,2.38471,47.26798544
12a586,109.77391,21.02071,48.78445315
12a587,107.9295,16.7768,49.0954025
12a588,105.85213,7.0738,50.55590741
12a589,109.61397,12.0206,49.01992723
12a590,106.00552,16.78846,46.46584324
12a591,105.67463,14.0329,46.63305104
12a592,107.25631,13.96445,50.48554419
12a593,106.99115,0.04829,49.11442799
12a594,105.92452,9.09551,45.75193292
12a595,105.27272,2.79916,47.51255983
12a596,105.91004,6.55622,43.43184363
12a597,109.06843,2.73339,47.03385031
12a598,107.70374,6.97046,48.76080882
12a599,106.15542,11.92956,48.51549846
12a600,106.49578,13.98213,47.25749091
12a601,106.71505,11.06221,47.40926689
12a602,107.27815,2.04175,49.90985088
12a603,107.27661,4.78937,49.86517273
12a604,106.21952,6.88315,50.45145818
12a605,107.40574,2.43512,47.3630025
12a606,106.93124,0.17683,49.65558427
12a607,109.36484,11.99501,49.83351134
12a608,108.16925,9.12334,49.26953668
12a609,106.18713,9.23771,50.20029467
12a610,105.78617,18.14128,48.02695424
12a611,108.54435,13.87298,49.77038941
12a612,105.56376,9.77939,49.40178844
12a613,108.8289,9.05684,48.4799147
12a614,106.15734,6.945,50.21512716
12a615,105.32211,20.99206,50.54846997
12a616,107.10788,11.84034,50.94902509
12a617,107.5987,2.26639,49.7074053
12a618,109.26898,11.87827,50.35750999
12a619,108.36041,11.0628,46.32287583
12a620,106.73449,11.91083,50.59828068
12a621,105.29211,4.94322,48.72350506
12a622,107.49783,2.10477,49.98344723
12a623,107.34932,13.9716,49.72602072
12a624,105.6444,9.06682,49.71578725
12a625,107.59996,2.06517,48.31257993
12a626,105.99953,6.98001,50.27057065
12a627,107.42231,0.03516,50.86021885
12a628,107.59187,9.0544,48.53093911
12a629,107.60366,0.03473,49.78912579
12a630,108.03224,4.91451,50.53005642
12a631,109.12271,0.1115,50.90082877
12a632,107.34992,4.42161,47.77123775
12a633,109.57691,9.09514,50.75301467
12a634,108.81003,9.06134,48.00282538
12a635,108.86077,2.03419,48.13635722
12a636,105.06243,6.17957,47.73908392
12a637,107.14038,4.79419,48.60347336
12a638,104.38074,13.92436,48.86807819
12a639,109.52168,7.0981,48.63424534
12a640,106.80457,4.28778,49.11058558
12a641,107.13421,7.86079,46.97667831
12a642,107.52822,4.97558,48.52325911
12a643,104.16843,4.90385,47.9240273
12a644,105.90568,2.14481,46.48660458
12a645,105.33311,6.9955,50.51688534
12a646,107.17411,2.15687,47.81411989
12a647,106.92914,23.84969,48.07684898
12a648,108.17772,20.97521,47.99841028
12a649,105.69022,4.94383,46.64772783
12a650,107.43315,2.05243,48.26947931
12a651,106.96659,9.47267,45.15728017
12a652,107.65996,6.79953,47.65841202
12a653,110.10938,18.42084,47.6544253
12a654,110.72895,13.87299,47.87090238
12a655,109.00987,5.00682,48.61142651
12a656,108.94749,9.1833,49.632314
12a657,107.53306,2.05808,48.53694696
12a658,108.51439,5.02135,48.5716875
12a659,107.44367,20.69621,49.51310975
12a660,106.3635,16.75391,49.82701797
12a661,110.4303,13.99126,49.35399474
12a662,105.98123,0.08401,49.38541319
12a663,106.78018,2.85736,49.08463784
12a664,107.88425,9.85756,48.0426686
12a665,106.24791,6.87272,50.67479117
12a666,106.28653,7.0601,49.34013891
12a667,108.20198,2.06331,48.21192658
12a668,107.62842,2.03268,49.42660229
12a669,105.69519,0.74824,46.30855092
12a670,106.18952,2.16878,51.04670962
12a671,106.05738,11.92638,48.39305832
12a672,110.03785,6.87755,50.29628167
12a673,106.7412,4.94418,49.07669453
12a674,110.49293,0.03147,49.76982262
12a675,107.70346,11.92194,48.55013982
12a676,109.21341,8.98867,48.82166967
12a677,106.87811,9.15726,48.05505892
12a678,107.33352,5.01129,48.86906858
12a679,108.74438,17.99839,45.86065346
12a680,106.00701,7.05765,49.01756762
12a681,104.45072,9.87118,47.53099295
12a682,107.22811,6.77227,46.32914316
12a683,106.33002,9.98205,47.05891821
12a684,108.02547,7.04592,45.36438116
12a685,105.16221,13.87515,50.07942221
12a686,107.27372,14.05001,51.06349262
12a687,106.75629,6.82417,51.30636304
12a688,108.4621,12.1429,52.55973282
12a689,107.59416,6.8973,47.75462261
12a690,105.437,4.08937,45.52122627
12a691,105.27923,4.29911,46.11857855
12a692,104.86897,11.91197,47.6625332
12a693,107.83634,9.79914,48.27679654
12a694,106.0939,16.94526,47.37206848
12a695,106.17287,6.99662,49.52731448
12a696,106.3735,2.04146,50.89720957
12a697,107.17611,0.09204,49.88089954
12a698,108.91409,4.89652,50.71410344
12a699,107.04745,2.11353,51.1588615
12a700,107.12303,1.92029,51.25624659
12a701,108.28628,11.94387,49.72991239
12a702,106.68903,9.88239,49.33149606
12a703,105.85401,7.00346,51.37270434
12a704,107.09267,4.93147,50.5359627
12a705,106.39911,0.0545,49.33299456
12a706,108.07242,2.12405,49.74138929
12a707,106.16408,2.14449,51.26247842
12a708,106.79944,2.7991,49.95794651
12a709,106.23806,4.94136,51.25133955
12a710,107.07294,6.97248,50.92576383
12a711,107.75599,4.90889,51.37962622
12a712,108.11099,7.06771,50.50614055
12a713,107.38571,6.90583,48.83412123
12a714,109.18478,2.65715,45.43021905
12a715,108.61258,0.30212,48.06971526
12a716,109.94625,15.06418,43.85064507
12a717,103.50337,11.96687,46.99985842
12a718,105.85805,12.00914,46.21499453
12a719,107.4945,9.06,47.42589706
12a720,106.33888,12.11636,45.31578392
12a721,107.84304,9.25848,48.00362138
12a722,109.13673,19.85247,42.12587245
12a723,103.80487,16.94437,46.31020935
12a724,103.74608,16.45947,44.6856359
12a725,109.6504,13.98198,47.71046094
12a726,105.68675,16.89376,45.35257728
12a727,106.76805,13.84402,48.75478392
12a728,108.4928,2.05364,45.72724981
12a729,107.98739,5.03768,48.01959148
12a730,108.58605,13.95662,48.09739293
12a731,106.57379,9.88363,45.36385122
12a732,107.46317,9.03053,47.1890629
12a733,105.89385,13.91022,43.62873422
12a734,105.68622,6.9786,49.45375143
12a735,109.31148,11.07201,47.46577244
12a736,105.37828,0.09295,46.64834279
12a737,108.4349,12.12133,46.78834033
12a738,109.48616,9.13147,44.65663545
12a739,107.71193,16.60202,45.75553484
12a740,108.43418,13.94452,46.88465157
12a741,105.88214,13.83359,49.88069351
12a742,106.674,2.79933,47.2199431
12a743,106.611,2.68472,46.18467923
12a744,108.29017,6.05812,44.35055875
12a745,103.81171,10.852,43.61535415
12a746,103.76162,2.14808,49.98422477
12a747,107.93959,4.96084,49.569509
12a748,106.31684,4.16172,47.45197235
12a749,107.08479,9.18376,47.93592312
12a750,106.81099,11.15862,48.1184425
12a751,105.80701,1.94637,48.38999092
12a752,105.61725,6.91978,45.34212367
12a753,106.4827,6.09762,45.76807487
12a754,104.15141,4.82248,50.10362082
12a755,107.18,6.98362,50.54611781
12a756,106.80626,5.01229,49.51406672
12a757,105.50913,7.37464,46.72932056
12a758,108.87133,4.38487,46.52696796
12a759,108.88767,7.48132,43.3467781
12a760,108.11092,4.89625,47.48652166
12a761,106.67906,4.70918,46.23471561
12a762,110.39195,17.18614,42.76576366
12a763,104.53599,13.993,45.91843139
12a764,107.07442,13.95342,48.60170505
12a765,107.5506,0.08942,50.45947433
12a766,107.13678,0.09785,49.66705261
12a767,106.09905,11.19982,45.31467077
12a768,107.1081,4.92445,49.91068149
12a769,106.60536,2.06483,49.35312091
12a770,107.32126,7.05566,49.06387059
12a771,107.87829,9.01341,49.25352468
12a772,107.26589,9.73838,47.02125945
12a773,107.59556,7.02167,44.90316163
12a774,104.78,2.13502,43.91306454
12a775,109.76003,10.97892,45.32301988
12a776,107.29715,4.92124,48.89421779
12a777,107.68999,9.8432,49.09240914
12a778,106.12867,0.10639,51.82385695
12a779,107.42345,2.10692,49.96014416
12a780,106.2641,13.95971,49.94507107
12a781,106.90658,2.00853,47.60953626
12a782,106.47234,2.82858,49.12006372
12a783,105.54539,6.93626,48.65687722
12a784,106.69266,2.15433,50.20980842
12a785,109.15051,11.97885,50.65318784
12a786,106.90825,2.21372,49.90529022
12a787,108.24365,2.04412,47.07760063
12a788,104.67376,6.98841,50.88992066
12a789,106.87587,2.11277,45.88691746
12a790,106.10377,4.99733,47.24459384
12a791,107.47704,0.9278,44.67176851
12a792,104.99757,1.92296,45.12369587
12a793,105.74786,0.01088,50.51145802
12a794,108.18021,17.00902,44.94552541
12a795,105.78374,13.94862,45.24441424
12a796,107.57105,13.87182,44.0872468
12a797,105.58743,10.98649,43.35595525
12a798,107.08629,14.10556,49.77996184
12a799,107.30818,7.02956,49.07172427
12a800,106.86914,13.94318,45.85525034
12a801,106.64085,17.12903,45.42897112
12a802,108.46139,10.94304,44.23919472
12a803,104.45166,7.90212,43.50207401
12a804,102.15179,12.19891,50.18926799
12a805,108.31317,9.82013,46.66590614
12a806,106.69047,6.85958,49.55220766
12a807,108.3281,7.11824,49.09471271
12a808,108.45542,4.04117,47.61995882
12a809,107.67198,11.84655,47.86510842
12a810,109.65208,9.37298,47.90595701
12a811,106.59812,23.64785,48.39437381
12a812,107.14429,14.1369,49.44442991
12a813,105.63764,23.76808,47.58935791
12a814,107.98106,20.85935,47.89898293
12a815,105.23953,4.9034,46.42118089
12a816,106.86813,1.95676,48.18002986
12a817,106.0683,23.63632,50.10860608
12a818,106.20406,2.73349,50.27083377
12a819,107.47525,0.00859,48.68900819
12a820,105.89173,2.91101,48.97191824
12a821,105.35033,0.02986,48.36648785
12a822,105.72294,16.92621,47.26162853
12a823,106.29051,13.93212,48.19728313
12a824,104.71348,5.02197,46.54699627
12a825,105.3273,2.10025,48.11381625
12a826,103.81017,2.12088,47.22633858
12a827,103.8839,0.84337,48.28967131
12a828,107.3815,21.14799,48.91089622
12a829,107.10303,16.70179,50.02198348
12a830,107.36557,2.10388,49.7873956
12a831,108.05186,2.12772,50.35010644
12a832,106.30273,16.79117,49.13498673
12a833,107.98315,7.2458,46.97160291
12a834,109.06598,4.45363,48.71846697
12a835,103.67942,5.07543,44.59195762
12a836,106.4932,2.06735,48.36727687
12a837,106.88371,2.19794,46.93671364
12a838,104.63317,19.69014,43.73471429
12a839,105.41149,16.86247,46.46754931
12a840,106.74146,16.75024,47.22878955
12a841,106.14271,13.88808,47.06010524
12a842,105.44204,0.73641,46.61768785
12a843,105.83395,13.79051,45.44621371
12a844,106.00466,4.83842,50.02789036
12a845,104.26997,0.79231,46.94158749
12a846,107.6864,4.96562,50.35025062
12a847,106.40759,9.73721,50.28561163
12a848,105.92355,11.91896,48.87041666
12a849,106.99164,9.11944,47.73900128
12a850,105.1275,10.03152,45.72254554
12a851,107.31556,6.9968,48.32076473
12a852,106.81773,7.03377,48.5802046
12a853,106.02997,4.26836,49.05799866
12a854,105.8805,4.01589,47.05516317
12a855,106.94558,2.79207,47.95470931
12a856,106.72715,0.01825,49.30694601
12a857,106.9269,6.92653,49.08015976
12a858,105.5385,4.16392,48.76627298
12a859,103.87311,14.92386,45.55083814
12a860,107.32283,11.83168,46.67835315
12a861,107.35314,12.01067,47.58076959
12a862,105.96637,8.95372,49.15983259
12a863,104.61756,9.00013,46.09499022
12a864,107.44486,4.86744,48.12639681
12a865,107.90916,2.05479,48.99096311
12a866,108.95578,7.04269,50.64484077
12a867,108.46151,0.10082,50.05809474
12a868,108.85387,0.10041,51.91180205
12a869,106.29891,9.91447,48.44809986
12a870,108.67494,6.87803,47.36130933
12a871,106.38254,7.04243,48.92303985
12a872,106.01535,4.11401,48.68062416
12a873,105.76999,4.14327,49.43453588
12a874,106.76131,6.97138,50.77598483
12a875,107.30025,9.16571,51.5394407
12a876,104.56096,23.94712,46.69910771
12a877,105.94836,21.10006,46.56698941
12a878,103.73138,4.90531,45.26597418
12a879,106.22914,1.93645,46.59801846
12a880,105.609,10.4394,47.461
12a881,104.13432,7.87297,45.38779643
12a882,106.96346,4.82437,46.42906618
12a883,106.12258,4.17971,48.81692915
12a884,106.96035,4.88113,50.69155947
12a885,107.21349,4.85266,50.42007161
12a886,106.53248,7.07565,49.93572565
12a887,107.57221,0.08161,50.99026117
12a888,108.52194,4.8727,49.86027986
12a889,106.07861,2.95677,48.57099907
12a890,105.90496,0.01287,48.80951796
12a891,106.6348,11.98106,49.62224647
12a892,105.23134,9.04991,49.06022751
12a893,106.72465,0.03724,51.01002397
12a894,107.74039,2.20518,50.17910909
12a895,107.49274,7.06829,51.24274749
12a896,106.62663,2.84469,49.47200045
12a897,106.45472,0.04484,49.35857021
12a898,108.22584,4.91507,49.31573569
12a899,106.35212,2.07,49.12861804
12a900,107.97589,21.10233,50.94216467
12a901,106.25438,4.95377,49.91167707
12a902,106.99306,2.03832,49.77304896
12a903,107.12262,14.06095,51.23306412
12a904,107.92244,6.9511,48.35133604
12a905,105.78947,4.18,48.38700777
12a906,108.35332,0.10618,50.62983252
12a907,106.29169,12.03889,49.42502041
12a908,107.5292,9.10012,47.86182926
12a909,105.43177,9.94692,47.18562781
12a910,109.20609,6.81863,47.93129818
12a911,106.47382,6.99242,49.70842831
12a912,106.02464,4.05555,47.55750432
12a913,106.06123,2.81259,50.89368748
12a914,107.63805,9.19147,50.74033957
12a915,106.84216,6.99197,51.45939211
12a916,106.22925,5.00689,48.73282697
12a917,106.25095,2.05844,49.8155384
12a918,106.73936,4.92959,48.79676118
12a919,106.17749,1.97401,49.97685144
12a920,106.30111,9.81715,46.46477896
12a921,106.72503,6.98128,48.62600494
12a922,107.73615,6.92362,50.23649508
12a923,105.10756,16.91351,48.43524596
12a924,106.34376,14.08093,49.12712666
12a925,107.39869,2.13636,50.47680922
12a926,106.18337,7.12789,47.40268025
12a927,106.85812,4.1544,48.78291858
12a928,106.77684,2.07447,51.76521293
12a929,106.81719,2.86624,49.71638179
12a930,106.17548,16.84025,49.69849677
12a931,106.92571,13.98922,49.20833289
12a932,106.44288,2.80704,50.39194165
12a933,108.30143,4.98522,51.23839162
12a934,110.60431,6.84716,50.88285531
12a935,106.63013,2.11474,50.04227761
12a936,107.09562,0.05374,49.05554681
12a937,103.71122,16.93761,45.44951396
12a938,106.32024,13.86643,46.98455859
12a939,105.28758,7.03954,47.5941176
12a940,105.31627,4.10042,47.75832015
12a941,105.70042,6.91283,48.58988094
12a942,105.15823,4.12915,48.09008075
12a943,106.67883,0.06076,49.63240251
12a944,106.35263,1.93541,48.37999601
12a945,108.70193,5.09652,48.82553086
12a946,105.41078,16.87842,49.08741051
12a947,105.07663,13.90381,48.80177567
12a948,107.12916,4.8462,50.64394331
12a949,107.19437,6.96862,49.11228166
12a950,105.95004,4.08445,50.1490218
12a951,108.94288,4.86118,51.33253364
12a952,105.19525,16.88352,48.67597524
12a953,105.86462,14.04529,49.10825755
12a954,107.35282,6.99296,50.3257391
12a955,105.86217,4.16129,50.17735236
12a956,107.05494,12.01585,50.26870625
12a957,106.60613,9.15995,50.03542123
12a958,105.69559,11.93043,49.63500186
12a959,105.88013,9.09914,50.19968978
12a960,108.60888,0.05364,51.45431524
12a961,107.40626,0.05688,50.01259097
12a962,106.72077,4.8763,50.67469142
12a963,107.02315,4.25838,50.03979766
12a964,107.62557,4.82182,51.05139545
12a965,108.33041,0.07751,51.30296332
12a966,109.01863,2.13178,49.88711041
12a967,106.48603,14.00539,49.69861769
12a968,106.94278,0.00864,49.77010589
12a969,105.44584,2.85838,47.90020655
12a970,104.33305,7.87895,47.04126997
12a971,105.12258,4.9652,47.34283431
12a972,106.87592,2.99321,49.85294331
12a973,107.1692,20.96939,50.33247127
12a974,105.67622,18.19906,48.8307071
12a975,106.6331,4.20127,49.66781552
12a976,106.63508,9.16686,50.38636556
12a977,106.20578,16.76473,48.66368873
12a978,105.00533,13.86663,47.74438677
12a979,107.36384,2.21704,50.68223358
12a980,106.80429,11.92427,50.75006093
12a981,104.69573,5.00546,47.69256027
12a982,107.9428,2.06877,49.04958023
12a983,106.93286,14.10433,50.25055143
12a984,106.46595,14.58626,45.48347378
12a985,105.73018,11.91041,47.29062005
12a986,107.53729,2.19449,51.09313425
12a987,108.94245,11.82072,49.98485582
12a988,105.90019,11.90315,46.37013205
12a989,106.65685,9.0466,47.92736177
12a990,106.2185,0.07602,50.10744558
12a991,106.34863,9.78928,49.60249763
12a992,108.37376,0.01541,50.48338705
12a993,107.84609,1.99499,48.75498358
12a994,108.55627,6.99008,50.59754419
12a995,107.11957,21.00688,50.11407702
12a996,105.63291,18.14977,50.35605192
12a997,106.05752,7.09741,49.20813946
12a998,107.6288,6.96264,50.65233916
12a999,109.42289,4.68826,48.4029904
12a1000,104.87295,2.0394,49.1775013
12a1001,105.90881,4.16317,51.04657879
12a1002,107.76697,5.02685,49.22428762
12a1003,106.1713,11.89336,50.2704531
12a1004,107.41451,20.97554,51.21955201
12a1005,106.70329,2.02401,50.10420646
12a1006,107.69075,2.07269,49.67761984
12a1007,105.35505,2.88733,47.69905153
12a1008,106.77298,0.08808,49.6235998
12a1009,105.22928,11.96641,47.06823269
12a1010,106.2505,9.0455,47.18179695
12a1011,104.43308,0.03805,47.5464175
12a1012,108.02546,2.84699,50.07168262
12a1013,104.7718,4.91882,47.76146273
12a1014,105.47942,2.07929,48.04411532
12a1015,104.54569,2.96354,48.11815969
12a1016,105.60813,0.15401,48.95513064
12a1017,104.27184,7.80963,47.62596874
12a1018,105.21758,4.96534,47.68923875
12a1019,106.10913,0.000657,49.69974685
12a1020,106.82799,4.95938,51.13670258
12a1021,107.08187,6.96097,51.33312218
12a1022,109.18358,8.95257,51.63379665
12a1023,106.23381,7.02011,47.48673478
12a1024,110.00212,4.62462,47.70621342
12a1025,106.01182,6.9388,49.78770966
12a1026,105.6186,4.09702,48.46970375
12a1027,103.76113,4.93796,45.68215242
12a1028,104.55849,2.15774,47.95300736
12a1029,104.67549,2.14445,45.95500401
12a1030,105.77366,0.64621,45.25236518
12a1031,104.10691,7.84995,45.48759171
12a1032,105.80582,4.95286,48.18852186
12a1033,106.61984,5.0226,47.64282291
12a1034,107.52451,2.36623,45.44330243
12a1035,105.80248,21.11521,47.82536094
12a1036,105.55449,16.7931,48.70576292
12a1037,106.18544,18.24219,47.78155887
12a1038,106.4062,13.86964,48.85052342
12a1039,107.88178,0.13414,47.98928013
12a1040,107.66553,2.71064,45.7464854
12a1041,106.32955,11.92165,48.81166733
12a1042,107.09461,2.09087,50.11974658
12a1043,106.71819,4.99408,48.91958541
12a1044,105.38608,9.04172,48.08180483
12a1045,105.59687,9.84271,48.42958427
12a1046,106.44104,6.87848,50.21129404
12a1047,108.50459,4.77784,48.12088363
12a1048,106.03484,2.16301,49.29894553
12a1049,106.28751,4.90999,49.28533412
12a1050,108.33089,1.97013,51.4548622
12a1051,105.92561,9.84071,47.9012566
12a1052,108.56146,6.75746,49.98458731
12a1053,106.76649,2.19065,50.67671211
12a1054,106.35578,4.8361,51.04648252
12a1055,106.93353,2.08759,51.3373938
12a1056,108.0475,6.98648,50.65422789
12a1057,107.09171,2.1239,50.12873934
12a1058,106.5539,2.22158,50.58831165
12a1059,106.17926,16.82374,48.23425306
12a1060,106.89233,7.18463,48.78932046
12a1061,108.13299,7.04415,50.06265238
12a1062,105.93802,13.96551,48.15367641
12a1063,105.87079,4.1603,46.73338485
12a1064,107.36648,7.06702,47.96589679
12a1065,108.21569,2.0301,51.17898702
12a1066,107.18892,6.95742,49.27317057
12a1067,107.07743,6.98838,51.56282277
12a1068,106.04701,4.11931,48.99557013
12a1069,108.25787,7.05216,51.6081492
12a1070,108.9551,4.87682,49.84590032
12a1071,106.43691,7.10107,49.94512204
12a1072,108.89009,12.14979,49.20901041
12a1073,106.97679,13.99949,49.59841885
12a1074,107.36017,9.81529,49.36810971
12a1075,105.9341,4.19011,49.12499565
12a1076,110.91057,0.06895,50.27936758
12a1077,108.05114,8.92194,48.86308961
12a1078,106.57323,2.15404,51.19552621
12a1079,107.19599,7.00582,51.10929908
12a1080,107.88253,9.75887,48.56333346
12a1081,106.97767,0.01737,50.31538217
12a1082,105.74923,9.78939,48.81292971
12a1083,106.50579,2.10946,49.74630223
12a1084,108.22252,9.90903,47.61963966
12a1085,106.22222,6.92263,49.61532579
12a1086,108.82256,4.92211,49.19236947
12a1087,107.59069,0.03425,50.54260369
12a1088,106.87492,0.00281,50.4828072
12a1089,105.51942,9.88025,48.97702578
12a1090,107.03448,7.01646,48.46347082
12a1091,108.32995,2.0443,50.82040773
12a1092,107.49722,5.01437,50.34501047
12a1093,107.22445,4.97102,49.8686144
12a1094,105.82378,6.90531,48.20399464
12a1095,104.07411,0.83463,47.20539379
12a1096,109.1515,4.85704,50.35499795
12a1097,106.70235,18.23635,50.88654651
12a1098,108.47218,13.86629,51.40883803
12a1099,107.67741,12.04252,49.36177409
12a1100,106.4204,2.13463,50.22905262
12a1101,107.0309,11.83591,51.17217095
12a1102,107.47906,0.0717,51.48840062
12a1103,108.80976,9.21123,48.97691191
12a1104,107.43756,4.9205,50.59620071
12a1105,107.02261,0.000162,50.49607629
12a1106,106.24942,4.2818,50.415148
12a1107,104.37491,7.79499,49.14756929
12a1108,105.22189,4.9304,48.48653285
12a1109,106.31321,6.98633,49.967629
12a1110,106.40423,9.08159,50.99552483
12a1111,105.99149,2.81613,49.3349233
12a1112,110.35737,20.59783,49.9669804
12a1113,106.13931,18.1962,50.78801107
12a1114,105.88039,14.6594,45.40791503
12a1115,106.46179,11.84379,47.04558324
12a1116,106.85104,11.86883,47.7909305
12a1117,107.30662,14.03572,51.77331873
12a1118,104.52628,8.93699,46.87971388
12a1119,108.56318,2.19277,48.20331104
12a1120,104.68782,5.04254,47.07405435
12a1121,107.1185,2.13797,47.77821701
12a1122,107.3953,2.18911,50.89311568
12a1123,107.01475,0.05183,50.81058043
12a1124,107.09405,0.00603,49.51844758
12a1125,105.28963,9.95593,45.59319725
12a1126,106.30537,7.14313,45.91881623
12a1127,106.01431,0.02522,46.06404762
12a1128,103.3576,4.9859,43.99497086
12a1129,104.85575,2.04684,46.86161808
12a1130,107.72727,2.19191,46.46637992
12a1131,107.28754,7.52743,44.04514737
12a1132,107.90214,5.00893,46.04093753
12a1133,107.57823,4.91809,48.14342894
12a1134,103.75248,9.99547,42.47071501
12a1135,106.50033,6.98235,43.42556835
12a1136,108.70025,6.9284,46.23253131
12a1137,107.23123,4.1921,45.4398808
12a1138,106.89957,0.56786,44.74194287
12a1139,107.22619,1.88372,44.19388081
12a1140,106.84446,3.97126,43.47938715
12a1141,106.11581,5.04507,48.32822559
12a1142,104.29421,0.78629,46.33900691
12a1143,108.5648,2.31943,50.30148371
12a1144,105.41838,2.1717,46.93403098
12a1145,104.94221,7.14636,45.52355769
12a1146,106.70497,4.15274,45.51647021
12a1147,109.12923,7.34732,45.49769858
12a1148,106.03123,4.16861,45.07747147
12a1149,102.85287,1.09465,43.01434614
12a1150,106.07015,0.00968,48.80235938
12a1151,105.7354,2.96008,49.11932243
12a1152,107.25746,0.00952,51.34279447
12a1153,105.0076,9.87619,48.43927008
12a1154,107.2317,6.8857,50.08226149
12a1155,107.32321,14.12128,51.44184458
12a1156,106.85039,9.78562,50.09910786
12a1157,102.74575,12.91043,42.85802312
12a1158,105.45311,9.9081,43.58535416
12a1159,106.72767,9.83573,45.00639154
12a1160,106.4026,6.87578,44.05968191
12a1161,106.08065,6.7657,44.97857938
12a1162,104.41014,9.98055,44.91799141
12a1163,106.93217,6.98749,45.44047442
12a1164,105.2952,9.86906,45.01722007
12a1165,104.33361,6.96181,46.24326305
12a1166,102.68516,3.97314,41.56857015
12a1167,108.37918,0.07813,51.61296192
12a1168,107.46283,4.84911,47.89303677
12a1169,104.94594,2.13193,48.29783329
12a1170,105.58517,2.13835,48.82300988
12a1171,104.64695,0.80933,47.84947229
12a1172,108.95777,2.1022,49.88586809
12a1173,106.52791,7.09971,50.87911217
12a1174,104.39307,2.00207,48.36159143
12a1175,108.84049,7.21163,49.23769543
12a1176,104.73302,5.10663,47.56433315
12a1177,106.26681,2.11694,49.61684936
12a1178,107.11948,2.1889,49.03929619
12a1179,104.25665,0.88583,47.28788576
12a1180,106.86804,1.89825,48.69863589
12a1181,104.91572,4.91751,48.17551536
12a1182,106.46617,7.00428,48.80260669
12a1183,105.52502,9.93115,48.53282365
12a1184,106.57976,11.99679,49.10722748
12a1185,108.56862,8.96796,48.62546818
12a1186,107.72149,11.85601,50.61563831
12a1187,107.19509,7.13074,51.46451939
12a1188,108.87685,0.02844,51.73852269
12a1189,106.39408,9.11363,50.21758024
12a1190,106.26854,4.90728,49.91575998
12a1191,106.2526,9.94248,48.76833113
12a1192,109.3397,6.97915,48.1679441
12a1193,107.82685,7.08974,50.41155853
12a1194,106.03712,2.85444,49.25248015
12a1195,106.92049,4.91593,49.97506556
12a1196,107.84199,2.11129,50.2717031
12a1197,107.69109,2.0891,49.26448953
12a1198,107.04944,4.98678,48.48817104
12a1199,108.35341,0.00784,47.59354156
12a1200,105.73381,2.83715,49.8999716
12a1201,106.11509,2.06149,49.57444771
12a1202,105.66487,0.00105,49.40596603
12a1203,104.45432,4.99329,48.37492439
12a1204,105.40751,2.15205,48.01973128
12a1205,104.66498,0.76289,48.91302272
12a1206,107.62965,14.00233,50.65852116
12a1207,106.34299,11.97508,49.5096521
12a1208,106.21561,9.14258,49.85240272
12a1209,106.26929,0.02476,49.17739025
12a1210,107.90735,9.79668,47.08842264
12a1211,111.566,0.03559,50.00447665
12a1212,109.51563,4.89313,48.48194
12a1213,109.9924,1.80476,49.81888893
12a1214,103.66711,19.76654,44.25306341
12a1215,104.83114,9.96061,47.31940814
12a1216,105.39266,2.89663,49.19887393
12a1217,106.51719,0.03197,49.70233034
12a1218,104.54964,0.02894,46.82295518
12a1219,104.7048,4.97071,46.88139264
12a1220,106.0829,14.64141,45.51646535
12a1221,109.62778,4.77647,48.15206349
12a1222,107.67175,0.05398,48.34445358
12a1223,105.76076,9.86778,48.52227036
12a1224,104.29341,6.99499,48.37629401
12a1225,111.50784,0.07016,50.55954274
12a1226,105.82275,4.86837,47.96948208
12a1227,107.77476,4.99485,49.51649605
12a1228,107.86509,2.03628,49.10529481
12a1229,111.46049,0.13174,51.07309494
12a1230,109.82197,4.8378,49.49454319
12a1231,107.48842,0.04151,49.40856046
12a1232,106.12352,2.81258,49.31516551
12a1233,103.46748,9.96488,45.62398286
12a1234,105.64333,7.0499,47.95913068
12a1235,105.60689,0.08718,47.48986397
12a1236,105.2441,2.85592,48.2804529
12a1237,106.76079,2.02986,50.16270073
12a1238,104.76544,4.9652,47.32990531
12a1239,105.45825,2.0863,48.64657899
12a1240,105.03362,7.80219,47.38167055
12a1241,105.29118,4.94442,48.20740096
12a1242,103.39892,12.77626,45.0047621
12a1243,105.17124,9.77855,46.00460862
12a1244,105.21908,2.92102,46.61479136
12a1245,107.78529,0.19967,47.37688759
12a1246,105.78597,4.81897,47.89547265
12a1247,104.36407,7.84774,48.33238427
12a1248,107.88483,4.92475,49.98235916
12a1249,111.77405,0.02709,49.35130087
12a1250,111.68315,0.0308,49.39846784
12a1251,107.00029,0.02765,51.12968215
12a1252,110.49017,7.20303,50.84515424
12a1253,107.98573,4.95166,49.82194792
12a1254,104.68555,0.00185,48.17685049
12a1255,108.34714,9.71628,47.68869058
12a1256,105.08704,2.92983,48.68453063
12a1257,109.52701,6.73769,49.37831634
12a1258,106.90304,0.0101,49.1526369
12a1259,105.01536,2.87835,48.91823547
12a1260,107.45203,0.01466,49.00601206
12a1261,106.42441,7.0709,48.81639993
12a1262,104.89654,2.89677,48.54574542
12a1263,107.47379,5.04936,49.80164105
12a1264,104.9238,2.91155,48.42239864
12a1265,105.74317,0.0762,49.04445032
12a1266,107.07403,9.76265,49.13462828
12a1267,104.38395,0.01277,48.48614428
12a1268,106.7048,2.11484,49.76202581
12a1269,105.65325,0.05204,48.87477416
12a1270,107.46051,7.0075,49.84656131
12a1271,106.95061,5.05906,49.90758993
12a1272,110.77678,2.43131,48.17000263
12a1273,103.40817,0.02396,43.94025481
12a1274,106.17471,3.05657,45.18252905
12a1275,108.75851,0.05208,46.89864496
12a1276,105.75847,2.87033,44.95971881
12a1277,109.34373,0.20092,44.56612486
12a1278,102.44135,5.90392,43.08925462
12a1279,105.44022,2.8974,43.58614316
12a1280,108.16107,0.04852,50.26087247
12a1281,107.50958,0.015,45.26427833
12a1282,104.80532,2.97789,42.72355499
12a1283,104.1491,0.13654,45.09949483
12a1284,110.57179,2.98692,43.6532931
12a1285,105.08195,2.82678,46.924941
12a1286,102.89487,5.83676,44.76108694
12a1287,102.27738,0.00717,42.35969421
12a1288,104.24195,0.00274,48.09047496
12n1,99.147,1.87815,43.51523079
12n2,97.64913,2.06671,42.88587195
12n3,98.04254,-2.03702,43.72902412
12n4,96.58189,0.87475,41.5652583
12n5,97.15484,-5.9884,42.94515853
12n6,96.54769,4.8625,44.23271253
12n7,97.19,-0.93949,41.04159881
12n8,100.34872,4.60496,42.6087622
12n9,97.01386,-4.8526,42.30264569
12n10,94.30934,-1.73741,41.20544728
12n11,96.99329,0.79869,39.65071568
12n12,98.88373,3.18792,42.85716436
12n13,94.72041,-3.36987,41.12206128
12n14,97.43188,0.79269,42.09107794
12n15,99.38856,-4.59539,43.37920742
12n16,99.5869,4.89333,45.0034346
12n17,98.1523,-3.37392,43.23026185
12n18,99.13531,-0.64311,43.80749686
12n19,102.23127,1.08455,42.97732531
12n20,94.60443,-1.81383,42.3753248
12n21,99.697,4.58769,45.2902722
12n22,100.71977,-0.50328,45.3587428
12n23,103.69281,1.24168,44.10490012
12n24,94.25309,0.98484,40.48028732
12n25,88.82146,-0.3292,37.59016594
12n26,99.72631,1.73252,45.11576049
12n27,100.03549,2.26114,44.8464813
12n28,102.12836,-1.63663,44.15606046
12n29,99.7761,4.50172,44.99433009
12n30,101.18598,-0.50989,45.06012748
12n31,100.7061,0.89302,45.33856974
12n32,104.59771,2.0457,46.34177114
12n33,103.01451,2.0526,47.55038579
12n34,102.953,-1.7689,44.74679314
12n35,98.33015,0.74681,42.19798516
12n36,101.29765,-4.57003,43.94441255
12n37,95.60042,4.62408,40.37318529
12n38,99.84636,-2.18779,43.85355309
12n39,100.00665,-1.90114,42.68435401
12n40,97.43722,1.95657,43.37980133
12n41,92.2977,-0.48374,39.00934791
12n42,96.55208,4.81665,41.40784329
12n43,98.85137,-0.8173,41.79371552
12n44,98.00938,0.81332,41.77946789
12n45,94.66796,2.04018,43.37570694
12n46,96.70471,3.21164,40.26640954
12n47,98.86802,0.85211,41.77572657
12n48,100.38235,-0.70488,41.22173602
12n49,99.50926,1.06647,42.55504074
12n50,99.06825,3.30142,43.95831956
12n51,103.17228,-3.01378,42.01029232
12n52,98.78717,-4.55276,44.05533404
12n53,99.57196,2.18227,42.83027117
12n54,95.5896,-4.7497,42.71582611
12n55,98.10058,4.58781,43.6633864
12n56,100.73945,-1.94466,38.22282402
12n57,101.29466,-2.0299,40.44965623
12n58,100.34235,-8.5506,43.77799481
12n59,102.43825,8.97048,40.05239854
12n60,100.01818,2.27989,43.64833383
12n61,100.62634,2.32875,44.39533476
12n62,99.60384,1.70714,44.86000239
12n63,98.87605,-4.84506,41.22633512
12n64,98.0968,4.96253,43.98552841
12n65,93.26817,-2.95413,38.90537512
12n66,102.19255,1.75267,42.0305861
12n67,104.73703,-8.94096,43.32460275
12n68,93.84386,8.66114,41.34878627
12n69,97.23243,1.99879,43.39930925
12n70,97.7914,4.81503,42.47414034
12n71,97.51551,1.99279,40.8464219
12n72,98.51,8.65958,42.89375276
12n73,96.081399,-1.9098,40.7599
12n74,99.50802,13.04983,41.69600926
12n75,99.50292,-2.1986,42.46836151
12n76,96.11023,8.95684,42.07384922
12n77,95.3076,11.15934,41.63660081
12n78,98.18266,-0.44297,42.38660803
12n79,93.81946,7.21372,39.36036919
12n80,97.41816,-6.00854,43.31682101
12n81,103.31344,8.64129,43.74833559
12n82,103.16115,-2.39356,41.89975631
12n83,98.80574,7.37093,43.13996083
12n84,95.26792,1.83828,42.04670741
12n85,97.58457,-1.88499,42.92715571
12n86,97.02552,4.73147,44.2355118
12n87,100.85318,1.71795,44.05505404
12n88,103.58966,11.42708,45.12748718
12n89,95.68505,8.75829,43.00732112
12n90,97.22246,-6.11194,43.01557084
12n91,99.32052,12.63111,45.75095667
12n92,104.80441,0.63537,44.539628
12n93,98.49957,8.94733,46.29390483
12n94,97.52793,7.13336,42.54052748
12n95,98.78437,-4.62202,43.18839492
12n96,98.21786,11.08925,43.11299136
12n97,93.98958,-2.2908,40.84676326
12n98,104.62843,6.30175,44.69820237
12n99,99.7114,4.59397,45.40458562
12n100,100.56829,11.50459,45.25203238
12n101,100.54138,-0.69919,45.19317564
12n102,103.11382,6.93914,45.98452248
12n103,99.45824,9.05556,43.47216129
12n104,98.64674,-6.24763,41.79840375
12n105,98.00996,12.71574,41.99165353
12n106,97.73874,0.53422,41.1829252
12n107,97.19124,8.56191,42.27496129
12n108,96.06457,7.10511,41.88695147
12n109,98.76004,-4.55036,42.37508511
12n110,100.14971,10.98451,42.13793601
12n111,105.55771,2.25977,43.297471
12n112,97.02562,7.32909,43.24708614
12n113,97.02906,-7.5553,39.94707576
12n114,96.99111,10.26442,40.87927979
12n115,95.49122,-3.72663,38.56429003
12n116,97.45929,-6.03532,41.83823097
12n117,99.257,8.63979,42.14420541
12n118,99.90503,-2.15409,43.180865
12n119,91.91623,4.36653,39.0499069
12n120,94.956,-6.37571,40.9346563
12n121,85.70641,-4.87953,35.88698615
12n122,100.03566,2.31664,45.01376795
12n123,103.0876,8.40138,45.79960492
12n124,102.69323,-2.04255,45.91450085
12n125,99.6719,6.16622,45.936569
12n126,102.19243,4.55113,44.40300313
12n127,104.82927,2.31348,46.05836613
12n128,100.64278,8.57696,45.00579332
12n129,98.94616,-2.12401,46.1604432
12n130,97.05469,-2.05948,43.14897675
12n131,97.81358,4.6984,43.94457206
12n132,99.84989,1.80379,43.04344056
12n133,103.17504,11.44675,42.98228952
12n134,95.08407,8.6716,41.33516032
12n135,97.13687,-6.11267,42.94394003
12n136,101.50246,12.65775,45.37020385
12n137,100.06351,0.69849,44.53412233
12n138,99.15675,8.97032,42.37937583
12n139,99.20852,5.01022,44.62199905
12n140,102.95148,5.72943,45.15830215
12n141,100.74867,0.7386,44.78017364
12n142,95.41422,1.94166,39.90258004
12n143,93.555,4.53116,40.27611737
12n144,97.61714,-4.77053,42.34435259
12n145,91.44845,-3.50031,40.49984445
12n146,93.59957,-6.20127,39.99435013
12n147,99.92307,2.31399,42.66467527
12n148,92.47739,-10.23689,39.32342028
12n149,87.08798,-8.65879,38.08447057
12n150,96.83754,5.99707,40.06629924
12n151,99.2744,4.64895,42.33460358
12n152,99.14664,1.94721,41.799996
12n153,98.54423,12.79265,42.51300527
12n154,95.33996,-1.97081,41.05295841
12n155,98.22399,8.74119,42.09664693
12n156,98.71958,4.63758,42.32717151
12n157,96.30623,6.00696,42.756879
12n158,97.6271,0.66281,42.66160232
12n159,97.41883,-5.95589,40.47788889
12n160,97.28513,-2.05416,40.92276717
12n161,99.8297,4.67135,42.65154116
12n162,98.9616,2.15298,40.66418023
12n163,101.172,8.89699,42.98290132
12n164,101.53214,1.87601,41.94244624
12n165,98.64842,4.76493,41.57677251
12n166,94.62063,12.79172,39.86810974
12n167,99.22782,-2.21459,41.10078127
12n168,94.20152,8.87143,39.62846695
12n169,95.2668,11.18422,39.86809018
12n170,98.54677,-0.54763,41.54601508
12n171,94.36919,7.24196,40.02798728
12n172,93.93012,8.50361,40.1022219
12n173,101.22619,2.3415,45.3887691
12n174,100.82174,0.46913,46.16994476
12n175,102.08303,5.81821,45.23741777
12n176,96.65199,6.02661,43.4580961
12n177,97.37291,11.20739,42.2404054
12n178,97.9689,-0.56662,42.57077861
12n179,98.13614,7.03483,41.00648914
12n180,101.82379,-0.98411,44.49587274
12n181,96.84666,1.85246,43.05079572
12n182,98.09301,2.09534,43.11275287
12n183,99.81232,8.55781,43.84555304
12n184,99.87515,-2.1844,43.68250944
12n185,97.52952,8.76967,43.06516335
12n186,98.69297,-6.21728,42.68344359
12n187,99.48324,12.65243,42.90442342
12n188,96.11136,5.93031,40.76556037
12n189,99.59304,3.38178,45.24831145
12n190,97.09574,-7.52854,40.4163335
12n191,97.21542,10.26129,41.44073811
12n192,98.05559,-3.71636,40.79132264
12n193,96.96541,-5.93136,42.40097223
12n194,98.22601,8.611,42.71734475
12n195,99.63839,-2.28233,42.04818091
12n196,91.42801,4.48683,39.96754315
12n197,98.45354,4.54288,43.4078216
12n198,94.33321,0.52972,39.68312362
12n199,90.23825,-6.32785,38.2930366
12n200,91.16085,-4.72372,38.77422445
12n201,99.67667,7.42942,44.42290044
12n202,100.29294,-4.70765,45.10177362
12n203,103.36765,11.32672,40.10082564
12n204,97.95922,7.13277,42.7151851
12n205,100.74638,5.08804,45.6233788
12n206,99.21888,-2.1915,45.25636115
12n207,99.98199,8.49396,44.48895279
12n208,102.20527,-5.69243,45.69480123
12n209,102.28471,8.7513,46.726742
12n210,100.13094,-2.27772,44.72056969
12n211,94.35974,1.84588,40.66000366
12n212,101.98367,-5.6894,45.05578275
12n213,101.09957,8.51353,45.3547541
12n214,99.81942,-2.07471,42.40528705
12n215,97.10849,7.29239,41.64002445
12n216,98.51596,-4.50304,42.9450691
12n217,101.18382,11.01344,39.38417877
12n218,94.7648,-2.15952,39.46811221
12n219,101.4657,2.36641,41.67529693
12n220,97.71253,8.86346,42.86861781
12n221,99.32407,2.03982,40.25542634
12n222,100.68492,8.54447,43.75804293
12n223,99.06589,4.55592,43.77087796
12n224,100.46029,-1.6545,41.5133025
12n225,99.669,4.88044,39.53408985
12n226,98.87445,5.07091,44.98086372
12n227,99.51202,-2.22141,45.57842322
12n228,101.78929,8.59836,44.49771735
12n229,103.47473,9.26082,41.22711289
12n230,99.81701,3.06786,43.7627091
12n231,100.49842,-4.8613,44.03725694
12n232,101.9316,-4.78001,46.04708181
12n233,93.70383,-7.76866,37.68580541
12n234,96.65829,10.42183,39.79750605
12n235,90.54328,-3.75252,37.45380075
12n236,95.28374,-6.0075,40.70701839
12n237,98.28582,8.70356,41.00576726
12n238,92.94514,-1.97053,40.86228106
12n239,97.39513,-6.15321,40.21093139
12n240,99.61449,8.76275,42.08915186
12n241,96.88195,-1.95768,41.43695259
12n242,83.71441,14.01363,35.33587877
12n243,89.93231,12.50934,37.95665143
12n244,94.45879,12.59805,38.54213154
12n245,94.91828,11.01371,40.43702997
12n246,96.21221,-0.3333,41.67607298
12n247,96.88187,7.10556,40.77204814
12n248,94.6871,-4.4115,39.40203998
12n249,97.7769,7.00399,41.04177368
12n250,95.53207,-0.30204,39.43475432
12n251,91.82417,10.87552,36.9626852
12n252,100.20612,-1.70291,44.98372702
12n253,93.31899,-5.12018,40.19843782
12n254,92.467,7.89894,39.38569544
12n255,98.95283,4.53746,43.98460526
12n256,100.41332,1.77148,44.84414641
12n257,95.36028,-1.41115,40.79258515
12n258,93.91269,0.62208,41.72259185
12n259,99.01783,11.26649,43.25852754
12n260,98.25919,-4.1732,39.66650667
12n261,101.50127,5.11737,43.64109884
12n262,99.01698,-1.77374,44.6981082
12n263,99.50809,4.5013,44.37123127
12n264,103.37004,1.73119,44.04375177
12n265,98.07186,1.00931,43.84892603
12n266,102.40489,1.80199,46.52724529
12n267,100.9953,4.74187,46.18932524
12n268,100.67221,-0.82572,40.33920051
12n269,98.43833,0.54632,43.79171778
12n270,98.97229,-5.90678,42.86727904
12n271,95.27884,-2.27848,41.01646521
12n272,97.65764,-4.73041,41.85336203
12n273,91.99178,4.57162,39.40578981
12n274,94.54746,2.93464,40.72680546
12n275,93.29922,-2.17897,40.57552286
12n276,93.7528,-10.26262,40.73157102
12n277,97.95565,2.08373,42.10922385
12n278,96.81935,0.4378,41.63713535
12n279,93.39101,2.24235,40.52213174
12n280,92.16691,4.08217,38.42925487
12n281,96.53872,0.79157,41.15321282
12n282,91.23601,-3.50643,40.02107424
12n283,98.82858,1.96059,43.0881606
12n284,94.89674,0.91566,41.05939719
12n285,91.71471,3.98163,39.0960851
12n286,93.84399,2.12713,41.33452084
12n287,103.71463,-3.59372,44.08798501
12n288,95.40533,2.07678,40.39692969
12n289,99.08211,11.23743,42.56790776
12n290,96.10315,9.00508,41.03175923
12n291,98.38688,-3.41301,42.38499737
12n292,100.71268,12.9193,40.93890238
12n293,90.24832,7.59761,39.68515261
12n294,95.15132,4.79941,43.34140481
12n295,99.54887,-4.65426,43.75513789
12n296,94.86851,4.52795,40.61586748
12n297,100.19736,3.27269,43.10985878
12n298,99.5429,0.76698,44.2489166
12n299,98.98802,7.17035,42.29330712
12n300,97.48224,-2.06747,42.32758202
12n301,98.61569,2.0219,43.94156576
12n302,101.98892,3.5032,43.79228444
12n303,93.80023,8.93001,39.27867668
12n304,99.40304,-3.48519,40.00692616
12n305,91.97815,12.81587,38.98626291
12n306,95.36769,7.37135,40.33634499
12n307,100.56296,-1.81253,41.71548629
12n308,97.63114,11.34721,41.79281788
12n309,86.27548,0.70737,38.02752589
12n310,92.41808,2.32385,40.40190002
12n311,93.44488,-3.027,42.164935
12n312,97.32637,2.16471,42.76614599
12n313,92.07367,-0.41437,39.74629379
12n314,101.87547,-1.64438,45.42586278
12n315,94.74611,-0.99154,41.3799877
12n316,93.83486,8.88851,40.25185905
12n317,96.35517,-0.90212,42.31692411
12n318,88.31407,-2.8555,37.83582021
12n319,94.30136,4.66703,40.9543468
12n320,98.08342,-0.94868,44.18192353
12n321,88.70627,7.51919,38.96310444
12n322,93.32547,0.6589,40.46869649
12n323,91.09704,-1.06136,39.23736201
12n324,95.55304,3.23884,42.47913277
12n325,97.54584,0.88929,43.33103126
12n326,95.66229,5.83305,41.86382484
12n327,94.47643,-5.89346,41.94203083
12n328,87.96719,11.99233,37.77088654
12n329,93.28901,-10.29871,40.22073061
12n330,96.44799,3.67982,42.14951167
12n331,93.84976,-4.66872,40.59157251
12n332,89.61076,-8.81271,39.02742591
12n333,94.24627,2.03039,40.57380483
12n334,99.17915,-3.34678,41.83581222
12n335,97.33088,3.48111,42.50610206
12n336,98.67611,-4.97773,43.74026126
12n337,99.21006,-3.2757,43.96869863
12n338,90.85437,12.43994,38.71178437
12n339,99.04191,3.56045,42.36856205
12n340,88.60901,3.49594,38.4865159
12n341,98.84353,11.36195,41.01459373
12n342,95.2504,1.99538,39.97224401
12n343,95.40752,4.91932,40.28476569
12n344,96.75675,-7.60187,42.19019023
12n345,93.85443,4.87873,39.24472178
12n346,98.21284,1.8471,40.30823427
12n347,92.14481,-6.35608,39.56583742
12n348,97.55301,-4.8743,42.04492316
12n349,90.18876,-6.6781,38.32587272
12n350,97.25376,-4.82179,42.09197377
12n351,94.07303,0.6002,41.61191946
12n352,95.52165,0.48684,42.15268279
12n353,99.55894,-4.74884,44.1700815
12n354,99.52658,-1.88775,45.17527077
12n355,92.38992,-3.56061,40.9064414
12n356,91.62379,0.09723,38.75746266
12n357,97.31046,3.14346,42.9911351
12n358,89.63296,-3.75693,37.75496942
12n359,95.95189,-0.83344,41.1590127
12n360,92.62938,2.42441,41.7848696
12n361,97.44179,7.2108,41.57578353
12n362,92.95554,-1.65656,40.72043418
12n363,98.44483,-4.81323,42.8208046
12n364,101.59534,2.2577,43.32783807
12n365,102.06017,-2.17426,47.29706657
12n366,93.54644,-10.15917,40.42435006
12n367,98.67135,0.52763,44.00330978
12n368,94.26246,8.37793,40.97669624
12n369,97.02407,3.14292,41.92603617
12n370,90.34665,3.61687,39.65329958
12n371,89.02812,2.82118,37.10168378
12n372,96.72518,6.47592,41.78342983
12n373,95.09068,8.89355,41.2368566
12n374,92.86951,12.61924,39.74581464
12n375,91.40195,7.92844,38.85935404
12n376,96.79876,3.19886,42.90220847
12n377,92.57177,-1.59853,40.45964016
12n378,98.76923,-3.52418,43.49685991
12n379,98.11076,-6.11914,42.99062676
12n380,98.26206,0.91148,41.24412148
12n381,94.48011,6.23754,41.81598615
12n382,92.18028,2.51849,39.28789777
12n383,94.94787,6.11224,42.21423142
12n384,100.12669,7.40397,43.81965299
12n385,95.69599,0.8891,42.5177445
12n386,93.33185,12.55742,38.97622529
12n387,95.36967,8.52335,40.7044265
12n388,94.80605,2.26568,39.73311388
12n389,101.02327,4.71791,42.47384646
12n390,97.03367,1.71802,40.45142653
12n391,98.87298,-4.58049,42.62718695
12n392,97.7,3.29896,43.23627922
12n393,96.34948,-3.23271,43.89989736
12n394,95.08359,0.13681,40.96476639
12n395,95.31555,-6.95575,42.04868506
12n396,99.10008,-1.95988,45.20586858
12n397,95.16567,-2.18073,41.15583191
12n398,92.82159,-6.71054,40.27241652
12n399,98.28325,-2.00205,43.80695001
12n400,97.50031,-4.85242,42.76442051
12n401,96.4862,4.85213,42.03542663
12n402,92.19411,-10.34233,37.88874475
12n403,88.94572,-4.29638,36.98012618
12n404,92.28146,-8.6521,38.90448717
12n405,96.96401,5.99722,43.92633296
12n406,101.92357,11.39068,46.15776129
12n407,89.37522,8.02134,37.69586329
12n408,99.51176,-1.83514,45.3159507
12n409,92.18682,-6.33894,40.04269094
12n410,98.13145,4.58921,44.51752655
12n411,90.21137,-4.73246,39.16026196
12n412,96.76151,-3.56356,41.25489591
12n413,94.95646,1.85298,41.98249958
12n414,90.64295,-2.25952,40.12371651
12n415,97.37016,3.69221,42.22951165
12n416,97.35824,5.90961,43.20160959
12n417,91.53861,12.04846,39.57869491
12n418,96.42089,8.62994,42.87603415
12n419,91.24535,8.45976,41.62702296
12n420,96.79586,2.02301,43.66232783
12n421,100.37072,-0.50676,43.02119303
12n422,103.71883,0.64454,46.75824922
12n423,100.59189,-2.00985,43.00798801
12n424,99.50074,3.23414,43.29655853
12n425,92.30015,-5.65313,40.2397543
12n426,91.7107,12.10948,39.54730505
12n427,100.1575,6.15883,45.31222305
12n428,93.22001,8.40334,40.69275138
12n429,94.73016,-6.08837,41.8860074
12n430,93.83415,-2.61234,41.43283686
12n431,104.73939,0.67228,43.32685323
12n432,91.168,-8.8735,38.96032691
12n433,93.65525,-6.23381,42.03069932
12n434,95.1043,-2.21348,42.24793378
12n435,95.60282,-2.20534,42.40907124
12n436,93.35659,-6.83583,40.40266344
12n437,98.1221,0.21588,43.20169201
12n438,89.22079,4.23041,38.39316884
12n439,87.07705,-2.75255,36.40259096
12n440,96.03999,-0.86866,41.39912519
12n441,99.53973,9.18028,43.9144205
12n442,94.51974,3.06021,41.62294837
12n443,89.08791,-1.36183,38.5971418
12n444,91.34497,0.46287,40.77240349
12n445,99.52494,7.31871,44.59316643
12n446,94.77384,4.67362,41.53028655
12n447,98.15685,-0.72103,42.54063841
12n448,100.46886,-0.56713,43.94325451
12n449,95.06379,0.69672,43.91690565
12n450,97.56263,4.87492,42.57002771
12n451,88.77613,-5.3958,38.0405307
12n452,91.13622,3.9064,38.64264341
12n453,100.08931,11.32501,44.98552111
12n454,95.37815,-6.17419,41.97583347
12n455,96.7584,6.29116,41.95970019
12n456,99.9181,0.22554,39.50350978
12n457,89.0444,-4.75377,37.39503682
12n458,100.19156,0.55543,44.23199725
12n459,100.78349,6.15723,44.41201365
12n460,95.10829,-1.88084,42.92955905
12n461,97.48391,-1.90973,44.13142144
12n462,85.82467,0.10516,37.10910906
12n463,96.66589,-2.01945,43.52654613
12n464,96.75424,4.56117,42.94100933
12n465,97.27274,1.97975,43.47521507
12n466,96.77926,-7.56525,40.74984279
12n467,92.85553,4.87135,38.49890165
12n468,92.21894,1.95905,38.2192017
12n469,96.09104,-6.01754,40.76845185
12n470,94.4363,3.2795,40.17527272
12n471,96.44957,3.72567,40.88947812
12n472,85.89016,14.18576,37.25586143
12n473,89.26058,12.41278,37.36087418
12n474,88.26924,12.56338,38.13524428
12n475,86.16916,0.75565,36.98523255
12n476,97.24156,6.35089,41.49999769
12n477,93.32661,10.93708,39.52256358
12n478,91.02104,2.33509,38.57010483
12n479,97.82279,4.66565,42.42811882
12n480,95.66282,0.93981,41.34550412
12n481,94.64965,0.83531,42.12947804
12n482,95.65272,0.93538,42.63073338
12n483,96.06908,2.06648,43.32519553
12n484,93.81405,1.7974,41.14355592
12n485,95.73071,1.86573,42.32978113
12n486,95.97833,-1.8437,42.34893654
12n487,91.06222,5.5547,39.34395604
12n488,88.51979,0.9012,38.68635986
12n489,98.63005,4.53998,42.88281121
12n490,95.61905,-0.35793,42.63399922
12n491,98.0852,-2.0181,44.59795013
12n492,99.93636,1.05806,42.66256846
12n493,96.79915,-0.81551,42.67061175
12n494,98.68816,4.58017,42.91575106
12n495,101.5271,-1.92801,46.05681845
12n496,102.89735,8.8516,45.97641385
12n497,100.3064,-0.47103,43.29336092
12n498,96.32519,3.20225,43.55828658
12n499,96.09395,-2.03654,42.79448791
12n500,94.15188,-3.71475,40.20768696
12n501,99.06426,-1.78728,43.04964155
12n502,87.64342,12.59691,37.71705712
12n503,94.09545,11.04762,40.70595676
12n504,100.21019,-0.66561,44.3680983
12n505,102.52032,-4.54451,43.12068024
12n506,97.49914,0.76232,42.73747408
12n507,97.30194,-4.71131,43.58595698
12n508,97.11767,5.98665,43.21107481
12n509,96.03402,4.65025,42.42173158
12n510,99.51022,-8.62847,44.66687043
12n511,97.42672,-0.83579,43.59595036
12n512,97.6321,-5.93328,44.29369953
12n513,102.3713,8.71587,46.69852036
12n514,93.49285,-6.44921,40.68938207
12n515,96.64071,7.15399,42.09778719
12n516,97.01756,7.15793,43.49701428
12n517,98.44402,0.58725,44.0620392
12n518,102.64538,12.6973,42.58200187
12n519,89.86018,-2.64551,38.74760255
12n520,94.47453,-6.26926,40.93795208
12n521,98.31773,1.93301,43.4211461
12n522,89.52014,-6.2553,38.01771886
12n523,90.59573,-4.69339,38.63859196
12n524,98.34522,3.31479,44.69978297
12n525,99.02304,-0.66721,43.91237253
12n526,95.11862,5.80306,41.92418478
12n527,96.99763,7.1789,43.10909432
12n528,93.51673,-10.17223,41.54361364
12n529,98.98567,3.38221,44.40459911
12n530,97.17564,2.00649,43.33506287
12n531,98.54212,0.48783,42.82992745
12n532,103.09405,-0.38205,47.53221012
12n533,94.62852,3.05766,41.19154337
12n534,97.93858,-0.7507,43.22645347
12n535,97.59379,-2.71739,41.26092897
12n536,96.71595,0.89576,41.90388865
12n537,102.05635,2.17188,48.07438614
12n538,100.00846,5.90207,44.24375171
12n539,102.62664,3.58394,45.21782796
12n540,100.91523,1.83777,44.88504116
12n541,97.36805,-3.52908,42.70486814
12n542,96.45221,-4.42289,44.01389576
12n543,96.02696,-6.07105,41.11988991
12n544,96.29723,3.61981,43.45405003
12n545,97.40459,7.1769,43.00120293
12n546,95.46408,-3.71048,40.69908867
12n547,98.3914,-1.81041,42.33249321
12n548,96.54982,-0.80822,43.16546124
12n549,95.4098,6.22097,41.80106487
12n550,94.37473,-3.37385,39.96689033
12n551,99.00225,7.32734,43.20254797
12n552,97.24887,-2.27919,42.59079722
12n553,97.64084,-1.85058,43.29591014
12n554,98.7316,-3.17621,40.08193659
12n555,99.12888,-4.53372,43.8654609
12n556,101.50418,1.60579,41.12498355
12n557,99.73294,7.34722,44.31827474
12n558,98.72087,4.17862,45.33199486
12n559,97.5476,4.86398,42.50929561
12n560,100.14161,-0.59859,44.95812371
12n561,94.81082,3.08226,40.59817273
12n562,93.615,0.72596,40.40064317
12n563,94.91399,4.8775,41.40334051
12n564,93.20197,-6.17147,39.37617167
12n565,97.60847,-4.87601,41.90429552
12n566,95.9791,-3.15259,41.51701836
12n567,100.0966,-0.62688,45.28999345
12n568,100.30574,2.11349,45.07610078
12n569,98.81593,-3.44885,43.66909646
12n570,93.77039,-7.69731,39.53694551
12n571,92.29587,-0.9036,38.34115345
12n572,95.21157,-5.98914,40.77421318
12n573,95.89936,0.87181,40.62380249
12n574,86.13726,14.14925,37.14296688
12n575,90.06609,12.46896,39.0439408
12n576,92.70638,12.61506,39.13620317
12n577,91.82773,6.3092,39.09061928
12n578,98.396,0.6645,42.24058714
12n579,94.16793,-1.41548,40.3060179
12n580,95.60554,-2.15046,41.91634317
12n581,91.89704,10.91967,38.55874056
12n582,88.31933,4.58408,37.1019175
12n583,97.13165,2.39122,40.79976509
12n584,97.27916,3.07644,43.27730724
12n585,93.67214,11.03717,41.2270043
12n586,96.29816,-0.31687,42.0624755
12n587,102.40467,-0.37748,43.95280165
12n588,96.2164,-0.79702,42.3517728
12n589,102.64351,8.87498,44.12144669
12n590,90.96002,8.54073,38.99053508
12n591,87.46912,11.83252,37.5234291
12n592,93.59871,-6.00258,40.49869389
12n593,94.2975,6.8939,40.75120381
12n594,93.64341,10.64512,40.70931557
12n595,96.41771,-4.34099,42.71882168
12n596,98.1031,-4.50605,43.02602643
12n597,97.52408,2.02527,43.39408285
12n598,98.01532,3.12512,43.88623529
12n599,94.35336,3.00484,40.94673598
12n600,99.1325,11.27965,42.87570476
12n601,96.46984,4.24233,41.63077253
12n602,96.79042,2.29778,41.77382281
12n603,89.71007,8.2813,38.9883489
12n604,98.2754,-7.36909,42.44845928
12n605,98.90936,-0.85348,42.36132648
12n606,97.03572,-6.07733,42.41390445
12n607,94.82839,-3.64814,41.73065821
12n608,95.10991,-2.13586,41.16827147
12n609,91.52324,5.70315,40.28386015
12n610,96.06022,0.34518,41.08570932
12n611,97.54865,2.04253,42.19269352
12n612,99.97819,4.71907,43.23937972
12n613,102.52797,0.64055,44.83508143
12n614,97.38192,1.99205,43.00112287
12n615,98.67464,2.11577,44.04703864
12n616,95.56888,-2.02006,42.70600221
12n617,93.21483,-6.50183,39.9863596
12n618,100.60844,2.2052,43.42854592
12n619,98.62325,-6.04523,44.46712997
12n620,100.26705,4.48845,45.4420716
12n621,98.65429,-6.01335,43.69983481
12n622,97.57212,2.08771,44.54524264
12n623,97.88475,4.83586,43.80140884
12n624,92.90831,8.10514,39.60838237
12n625,102.74017,-1.97249,43.74746744
12n626,101.37142,-8.50763,46.23618081
12n627,99.14799,0.63701,44.4259659
12n628,101.29004,-1.71744,46.50702404
12n629,93.80711,-3.93739,41.81281647
12n630,93.88128,1.49957,40.87084379
12n631,96.22064,1.99759,43.82873235
12n632,100.66196,-3.43229,46.61821383
12n633,98.19389,-0.71587,43.79207938
12n634,95.15302,0.62488,42.22571739
12n635,101.78244,-0.4533,45.63289182
12n636,98.24029,1.86492,43.2249267
12n637,104.94364,4.44258,48.6907222
12n638,91.73936,10.69085,39.97492613
12n639,94.963,8.59536,41.50740888
12n640,91.0053,12.09806,39.16485278
12n641,97.68816,-5.96001,42.91910878
12n642,99.87561,-8.11603,43.38974803
12n643,93.2285,7.03157,40.18360966
12n644,89.42975,10.63952,37.63974361
12n645,95.087,-4.3288,41.28690192
12n646,98.94765,3.29916,43.46563282
12n647,89.48912,12.23874,39.81986442
12n648,97.04697,8.67939,42.89809946
12n649,97.7278,6.0748,42.90172172
12n650,97.43936,1.22916,41.88892187
12n651,99.8371,4.72088,45.7348044
12n652,99.66603,3.42546,45.48057892
12n653,94.05987,8.61661,40.96118459
12n654,93.95517,7.04172,40.55823109
12n655,88.86781,10.64113,38.36843108
12n656,96.39561,-4.34359,42.19044134
12n657,97.28131,0.47137,42.13618829
12n658,101.69913,6.06216,45.7582567
12n659,95.32349,7.16131,41.23456793
12n660,94.54107,-10.21184,41.54899875
12n661,92.00193,4.31016,38.8959588
12n662,94.68077,1.72572,40.5147186
12n663,102.22359,2.21833,47.73299906
12n664,103.32574,-0.37612,45.52789202
12n665,101.7183,-4.89197,42.25105019
12n666,95.82012,7.66833,41.23788856
12n667,96.62449,6.04427,42.24546599
12n668,101.96343,6.29711,45.14215573
12n669,98.28108,4.52903,42.72760956
12n670,97.39002,-1.85572,44.01619105
12n671,98.34649,10.18925,43.14773779
12n672,103.89492,-4.31139,46.21919316
12n673,99.24009,-2.00286,37.74235776
12n674,96.85793,10.36529,42.31658775
12n675,95.27592,2.18804,41.75203735
12n676,97.28633,-0.26254,41.92632223
12n677,97.87188,8.59058,42.62050451
12n678,96.17513,3.69827,41.73848874
12n679,94.96555,14.50204,40.30656173
12n680,100.15333,12.88846,39.80338632
12n681,97.87122,-1.88211,43.76404904
12n682,98.9804,10.19097,44.89256993
12n683,95.75616,-7.70835,42.49614829
12n684,96.45112,-7.5984,40.52145972
12n685,97.02446,-6.13327,42.53444932
12n686,99.58389,6.156,44.10006304
12n687,99.46726,-4.6075,44.93082725
12n688,95.78462,14.56591,41.97661306
12n689,97.13328,12.93605,42.49715299
12n690,99.9939,-0.39604,41.18018731
12n691,105.40243,12.87983,39.57756716
12n692,100.63014,12.94477,43.34842424
12n693,98.9408,8.85685,44.08120888
12n694,94.20626,12.2248,39.53047362
12n695,97.1806,-0.43578,43.10183196
12n696,100.03051,8.8607,42.59035262
12n697,98.42657,6.11811,44.55738017
12n698,99.21182,-8.69593,44.08027826
12n699,95.43587,-7.32026,42.05795978
12n700,100.10228,-8.65758,44.04407203
12n701,98.40391,-6.93522,44.14191961
12n702,97.62919,-0.84923,43.89061589
12n703,98.16947,5.72319,44.35968089
12n704,94.75481,-2.06351,42.13918407
12n705,99.78107,1.77371,45.61214528
12n706,92.38687,-0.01268,39.41328853
12n707,96.32278,-7.70823,42.05387135
12n708,92.75806,2.12577,40.32738694
12n709,96.21386,2.21032,41.23370762
12n710,98.03196,3.56104,41.33502156
12n711,99.01379,0.60968,42.9723306
12n712,98.33112,-3.46554,42.74390016
12n713,98.63084,-2.16422,44.46301797
12n714,99.25402,3.34826,44.68039708
12n715,97.98213,-0.57053,43.32299139
12n716,95.56597,1.89621,42.23242006
12n717,96.74177,-6.55347,42.14837892
12n718,94.93543,-1.90814,42.35534768
12n719,92.69508,6.16939,41.54748487
12n720,97.96988,7.17292,43.06895002
12n721,90.24663,-2.00377,37.84340606
12n722,95.95408,10.43192,40.66284614
12n723,91.33573,-0.44267,39.11507237
12n724,97.12174,8.73296,41.02661801
12n725,82.13524,14.04977,36.00561003
12n726,100.18576,6.98189,42.09350759
12n727,98.43909,2.16674,42.93895308
12n728,98.06543,3.24373,44.4633081
12n729,93.33308,7.79668,41.19283916
12n730,89.6132,5.27822,38.76900118
12n731,98.22845,-1.893,44.67369799
12n732,99.79659,4.55781,45.35316725
12n733,103.04118,4.28507,45.1742338
12n734,98.61429,8.65947,44.16220166
12n735,99.06328,7.03474,44.21437859
12n736,106.70142,-4.66552,50.022396
12n737,94.12583,3.26494,42.31119308
12n738,99.57165,8.59841,46.16124161
12n739,92.89053,-5.38802,41.20951913
12n740,97.52044,-0.77553,44.99774364
12n741,98.46661,-3.48558,44.3240741
12n742,98.70233,-5.99108,44.26935465
12n743,98.30934,-1.79554,44.50672316
12n744,96.13684,7.20573,41.35631801
12n745,98.9463,-0.52333,42.50606591
12n746,98.85042,-4.58242,43.10033444
12n747,96.28355,-7.6316,42.44183636
12n748,94.07432,4.93345,41.04085449
12n749,87.94498,6.8184,34.64537297
12n750,89.15685,9.50095,37.28674039
12n751,94.49342,2.08378,41.50865048
12n752,96.50855,3.66879,42.07341219
12n753,99.36207,8.6965,44.72612014
12n754,98.70486,0.54931,43.87698267
12n755,100.21747,4.66086,45.0783852
12n756,99.73156,2.25419,43.604488
12n757,98.19252,3.37708,44.28701061
12n758,98.95257,11.32807,44.41627487
12n759,102.24168,4.86063,44.54244852
12n760,100.1831,0.68566,43.86414543
12n761,95.54604,4.73691,43.68757658
12n762,97.69153,4.87565,45.45400273
12n763,100.00878,-0.69546,45.67275412
12n764,97.71624,10.60686,40.89361336
12n765,99.33636,7.34514,46.05643271
12n766,98.91135,7.37138,43.97482619
12n767,96.13304,-4.98791,41.82712299
12n768,92.77644,-3.52603,40.65264008
12n769,98.53486,-5.95426,44.02371072
12n770,103.48737,8.64074,47.55903513
12n771,98.09034,-5.86422,44.36078276
12n772,99.17079,3.48933,44.35589086
12n773,97.68503,-6.32665,42.0443308
12n774,93.18475,-4.83667,40.89174444
12n775,98.07916,2.16344,45.17069756
12n776,98.18563,2.10231,44.72262534
12n777,99.8835,-3.11948,43.44352614
12n778,97.90183,6.28778,42.44716282
12n779,96.35844,3.66946,42.81367333
12n780,97.06879,1.97898,44.12627199
12n781,96.58248,0.42242,43.23345912
12n782,95.35347,-0.92195,42.97534167
12n783,97.84094,4.71597,44.3245523
12n784,100.63739,2.27381,45.73787572
12n785,98.6098,-4.68002,43.43965393
12n786,99.48762,4.57662,44.50194383
12n787,94.00058,3.12041,41.16099708
12n788,97.75223,1.72427,42.51013044
12n789,105.9939,-2.06958,48.084423
12n790,102.33598,-0.5655,46.03838196
12n791,97.98538,6.08525,44.29568879
12n792,97.41344,-2.36296,42.62501525
12n793,96.59542,6.36793,41.4425812
12n794,99.16191,-0.65109,42.97450164
12n795,97.8769,4.61491,42.29479209
12n796,98.78752,8.69033,43.91309478
12n797,95.41525,7.29669,43.7847359
12n798,97.00972,-3.18737,41.86620402
12n799,100.93274,4.55753,46.39398085
12n800,98.60846,-3.25335,44.75017342
12n801,92.52508,7.51859,40.46216618
12n802,99.8717,-0.58672,44.47726286
12n803,99.20449,6.11916,44.65412393
12n804,100.30904,3.46063,43.74505946
12n805,97.35374,1.66093,42.02831588
12n806,95.07076,10.9431,43.17397546
12n807,91.25455,7.6432,40.13803648
12n808,92.35481,4.22766,41.65609245
12n809,91.38645,4.01645,40.2208626
12n810,94.86367,0.6983,43.66706641
12n811,93.96355,5.09911,41.31951891
12n812,94.0631,1.57007,41.65931268
12n813,96.97023,-1.97563,43.9114021
12n814,97.00026,6.02811,43.77003502
12n815,96.12399,1.4561,42.78492072
12n816,98.26772,-1.80634,45.24860184
12n817,93.12393,0.87829,41.12786097
12n818,97.73768,2.23072,41.844016
12n819,98.41094,3.48578,44.2290326
12n820,97.1083,-10.29723,41.72673488
12n821,94.10152,-0.63051,40.27156875
12n822,95.3991,5.00677,39.37253222
12n823,98.54966,-8.69184,43.65583675
12n824,95.41338,0.90011,41.59732367
12n825,94.8102,3.268,41.37657199
12n826,100.14224,4.62157,44.41199091
12n827,105.03767,3.25626,46.11294934
12n828,99.68712,0.65358,43.73084714
12n829,95.53713,-4.80792,40.68681082
12n830,89.35387,9.56523,37.20626399
12n831,95.52057,4.90552,42.28899288
12n832,97.47853,-6.25782,42.65945743
12n833,98.68411,-2.1295,44.14641514
12n834,98.36454,7.32256,44.08691376
12n835,93.98956,-0.56216,41.69507234
12n836,100.57649,8.60969,44.96249487
12n837,100.34469,-0.70131,43.69787047
12n838,93.45256,3.55408,40.55572225
12n839,99.26517,-6.14959,44.84454472
12n840,100.05568,-3.38579,45.48622104
12n841,100.67865,-2.1501,46.58852536
12n842,101.29186,0.50679,46.49639347
12n843,98.74336,4.58356,44.70956337
12n844,99.05333,-0.91242,43.88449528
12n845,99.67886,2.21664,44.06248378
12n846,97.81281,0.48107,42.6199944
12n847,95.44379,3.03685,42.25092584
12n848,99.98332,6.12444,43.98751034
12n849,101.71263,8.52298,45.75932838
12n850,88.37094,12.27881,38.55796105
12n851,93.66172,10.42978,38.60898307
12n852,99.47744,0.62913,45.49958401
12n853,99.86878,-0.64854,43.54916881
12n854,101.74424,4.76493,45.90268712
12n855,99.93139,-0.61364,42.14774382
12n856,97.01233,-2.36197,41.22874354
12n857,101.57444,-2.17534,46.75847048
12n858,101.00531,-4.81636,45.68168501
12n859,102.22474,0.47395,46.81129866
12n860,98.66211,-3.39818,44.00625134
12n861,97.73154,5.9786,44.21039588
12n862,104.44318,5.84075,47.55133889
12n863,104.02458,8.62681,46.32254054
12n864,99.51224,3.43238,46.36656266
12n865,101.88646,-2.24315,45.12673878
12n866,99.67045,0.61384,45.17643742
12n867,99.36163,-8.62842,44.46135005
12n868,95.41798,1.06844,41.82753012
12n869,100.19049,4.56213,45.95169688
12n870,98.55013,2.46193,42.1698152
12n871,98.48804,5.84013,45.52901955
12n872,100.39239,-2.24195,45.65185946
12n873,96.78886,-0.09053,42.81557765
12n874,98.72996,3.28481,45.56890724
12n875,98.079,3.3899,43.67313819
12n876,97.52154,1.69365,43.15944589
12n877,100.51397,-3.45486,46.0723444
12n878,99.09664,3.37433,45.40502339
12n879,99.89178,-3.4117,45.41927217
12n880,99.93505,0.68872,45.34781993
12n881,98.78424,9.75612,42.34267391
12n882,96.88592,-10.31311,42.32198708
12n883,98.31816,3.46895,43.66138849
12n884,96.96986,1.95895,42.11914758
12n885,100.5176,0.51628,45.62194139
12n886,100.89584,4.63434,46.03995354
12n887,95.93502,7.63971,43.3283167
12n888,96.24508,14.56729,42.64523177
