knot_id,mode,N_geom,N_int_target,N_int_actual,R_t_over_r_t,L_dimless,d_min_dimless,fit_method,plateau_frac,n_plateau,A_K,A_spread,A_ratio,a_K,a_fit_ref,a_nc_m,a_nc_over_rc,lambda_K,p_exp,root_count,min_root_count,root_choice,a_star_m,a_star_over_rc,E_star_J,delta_lambda_over_rc,is_min,status,uses_local_sst_core,ideal_source,notes,bs_backend,t_geometry_s,t_scan_s,t_fit_s,t_total_block_s,contact_model,root_selection_mode,closure_x_from_A,closure_x_minus_1,beta_dimless,F_at_x1,contact_force_at_x1,continuation_prev_a_star_over_rc,continuation_jump,theorem_candidate_no_contact,theorem_candidate_full_model,root_solver_space,F_at_root,root_xtol,root_rtol
10:1:1,ideal,4000,2000,2000,nan,42.594800071887086,0.9996151143699955,global,,0,0.07737202719473205,nan,0.9722855689132796,-0.35384465944026094,0.1551422050732187,1.3893085820522457e-15,0.9860454192953181,0.0,2,1,1,lowest_energy,1.3893085820522455e-15,0.986045419295318,2.930845516560297e-36,0.01395458070468203,True,drift,True,"ideal.txt (10:1:1, 240 modes, k_max=253)",,local_cpp_scan,0.5990130000282079,0.03053449996514246,0.0012942000175826252,0.6557714000227861,legacy,continuation,0.9860454192953181,-0.013954580704681918,6.280766984209381,0.027714431086720448,0.0,nan,nan,False,False,dimensionless_x,-1.1102230246251565e-16,1e-14,1e-13
10:1:1,ideal,4000,2000,2000,nan,42.594800071887086,0.9996151143699955,global,,0,0.07737202719473205,nan,0.9722855689132796,-0.35384465944026094,0.1551422050732187,1.3893085820522457e-15,0.9860454192953181,0.001,2,1,1,continuation,1.3838863744267188e-15,0.9821970712316207,2.9360013446425112e-36,0.0178029287683793,True,drift,True,"ideal.txt (10:1:1, 240 modes, k_max=253)",,local_cpp_scan,0.5990130000282079,0.03053449996514246,0.0012942000175826252,0.6918314000358805,legacy,continuation,0.9860454192953181,-0.013954580704681918,6.280766984209381,0.03576353931778441,0.008049108231063962,0.986045419295318,0.003848348063697271,False,False,dimensionless_x,-4.5102810375396984e-17,1e-14,1e-13
10:1:1,ideal,4000,2000,2000,nan,42.594800071887086,0.9996151143699955,plateau_0.08,0.08,1,0.1422122166867617,0.0,1.7870914207754014,-0.7751515212003913,0.0662988260793267,1.8835414569193636e-15,1.336821387013015,0.0,2,1,1,lowest_energy,1.8835414569193636e-15,1.336821387013015,1.2272540591556004e-36,0.336821387013015,True,inconclusive,True,"ideal.txt (10:1:1, 240 modes, k_max=253)",parallel_theorem_candidate,local_cpp_scan,0.5990130000282079,0.03053449996514246,0.0012942000175826252,0.7124832000117749,legacy,continuation,1.336821387013015,0.336821387013015,6.280766984209381,-0.7870914207754014,0.0,nan,nan,False,False,dimensionless_x,-2.220446049250313e-16,1e-14,1e-13
10:1:1,ideal,4000,2000,2000,nan,42.594800071887086,0.9996151143699955,plateau_0.08,0.08,1,0.1422122166867617,0.0,1.7870914207754014,-0.7751515212003913,0.0662988260793267,1.8835414569193636e-15,1.336821387013015,0.001,2,1,1,continuation,1.871177485283306e-15,1.3280462036206953,1.2406971396574712e-36,0.32804620362069525,True,inconclusive,True,"ideal.txt (10:1:1, 240 modes, k_max=253)",parallel_theorem_candidate,local_cpp_scan,0.5990130000282079,0.03053449996514246,0.0012942000175826252,0.7497884000185877,legacy,continuation,1.336821387013015,0.336821387013015,6.280766984209381,-0.7790423125443374,0.008049108231063962,1.336821387013015,0.008775183392319752,False,False,dimensionless_x,9.020562075079397e-17,1e-14,1e-13
10:1:1,ideal,4000,2000,2000,nan,42.594800071887086,0.9996151143699955,plateau_0.10,0.1,2,0.20516269983697913,0.06295048315021742,2.5781505223940058,-1.1518117778887687,0.0827608942393399,2.26232988924839e-15,1.605662019976186,0.0,2,1,1,lowest_energy,2.26232988924839e-15,1.605662019976186,9.825150778361041e-39,0.605662019976186,True,inconclusive,True,"ideal.txt (10:1:1, 240 modes, k_max=253)",parallel_theorem_candidate,local_cpp_scan,0.5990130000282079,0.03053449996514246,0.0012942000175826252,0.7702755000209436,legacy,continuation,1.605662019976186,0.605662019976186,6.280766984209381,-1.5781505223940058,0.0,nan,nan,False,False,dimensionless_x,0.0,1e-14,1e-13
10:1:1,ideal,4000,2000,2000,nan,42.594800071887086,0.9996151143699955,plateau_0.10,0.1,2,0.20516269983697913,0.06295048315021742,2.5781505223940058,-1.1518117778887687,0.0827608942393399,2.26232988924839e-15,1.605662019976186,0.001,2,1,1,continuation,2.238793678713872e-15,1.5889574714799475,3.6340852012515464e-38,0.5889574714799475,True,inconclusive,True,"ideal.txt (10:1:1, 240 modes, k_max=253)",parallel_theorem_candidate,local_cpp_scan,0.5990130000282079,0.03053449996514246,0.0012942000175826252,0.7980372000019997,legacy,continuation,1.605662019976186,0.605662019976186,6.280766984209381,-1.570101414162942,0.008049108231063962,1.605662019976186,0.01670454849623848,False,False,dimensionless_x,4.794775687599895e-14,1e-14,1e-13
10:1:1,ideal,4000,2000,2000,nan,42.594800071887086,0.9996151143699955,plateau_0.12,0.12,3,0.21405019067431866,0.051569322232680626,2.689834026087736,-1.2073011095782222,0.0827608942393399,2.3108116058134863e-15,1.6400713478650057,0.0,2,1,1,lowest_energy,2.3108116058134863e-15,1.6400713478650057,-2.4054629828347002e-37,0.6400713478650057,True,inconclusive,True,"ideal.txt (10:1:1, 240 modes, k_max=253)",parallel_theorem_candidate,local_cpp_scan,0.5990130000282079,0.03053449996514246,0.0012942000175826252,0.8092279999982566,legacy,continuation,1.6400713478650055,0.6400713478650055,6.280766984209381,-1.6898340260877358,0.0,nan,nan,False,False,dimensionless_x,4.440892098500626e-16,1e-14,1e-13
10:1:1,ideal,4000,2000,2000,nan,42.594800071887086,0.9996151143699955,plateau_0.12,0.12,3,0.21405019067431866,0.051569322232680626,2.689834026087736,-1.2073011095782222,0.0827608942393399,2.3108116058134863e-15,1.6400713478650057,0.001,2,1,1,continuation,2.2851990187583893e-15,1.6218931155642486,-2.116551087349566e-37,0.6218931155642486,True,inconclusive,True,"ideal.txt (10:1:1, 240 modes, k_max=253)",parallel_theorem_candidate,local_cpp_scan,0.5990130000282079,0.03053449996514246,0.0012942000175826252,0.8252943000406958,legacy,continuation,1.6400713478650055,0.6400713478650055,6.280766984209381,-1.681784917856672,0.008049108231063962,1.6400713478650057,0.018178232300757102,False,False,dimensionless_x,3.1280533718813786e-14,1e-14,1e-13
10:1:1,ideal,4000,2000,2000,nan,42.594800071887086,0.9996151143699955,plateau_0.14,0.14,4,0.1959902879142701,0.04653487932072106,2.4628865947456773,-1.0688987708794588,0.10331051121629094,2.2111795339439474e-15,1.5693586571417246,0.0,2,1,1,lowest_energy,2.2111795339439474e-15,1.5693586571417246,8.979840781017818e-37,0.5693586571417246,True,inconclusive,True,"ideal.txt (10:1:1, 240 modes, k_max=253)",,local_cpp_scan,0.5990130000282079,0.03053449996514246,0.0012942000175826252,0.8365489999996498,legacy,continuation,1.5693586571417246,0.5693586571417246,6.280766984209381,-1.4628865947456773,0.0,nan,nan,False,False,dimensionless_x,0.0,1e-14,1e-13
10:1:1,ideal,4000,2000,2000,nan,42.594800071887086,0.9996151143699955,plateau_0.14,0.14,4,0.1959902879142701,0.04653487932072106,2.4628865947456773,-1.0688987708794588,0.10331051121629094,2.2111795339439474e-15,1.5693586571417246,0.001,2,1,1,continuation,2.189638475830284e-15,1.5540701446009209,9.222020712486121e-37,0.5540701446009209,True,inconclusive,True,"ideal.txt (10:1:1, 240 modes, k_max=253)",,local_cpp_scan,0.5990130000282079,0.03053449996514246,0.0012942000175826252,0.8538438000250608,legacy,continuation,1.5693586571417246,0.5693586571417246,6.280766984209381,-1.4548374865146134,0.008049108231063962,1.5693586571417246,0.015288512540803767,False,False,dimensionless_x,6.673481212082777e-14,1e-14,1e-13
10:1:1,ideal,4000,2000,2000,nan,42.594800071887086,0.9996151143699955,plateau_0.16,0.16,5,0.17793038515422152,0.04592315809865029,2.2359391634036188,-0.9601465814940154,0.10331051121629094,2.106841139028485e-15,1.4953057090119124,0.0,2,1,1,lowest_energy,2.106841139028485e-15,1.4953057090119124,1.2819865842941086e-36,0.4953057090119124,True,inconclusive,True,"ideal.txt (10:1:1, 240 modes, k_max=253)",,local_cpp_scan,0.5990130000282079,0.03053449996514246,0.0012942000175826252,0.8673459000419825,legacy,continuation,1.4953057090119126,0.4953057090119126,6.280766984209381,-1.2359391634036188,0.0,nan,nan,False,False,dimensionless_x,-4.440892098500626e-16,1e-14,1e-13
10:1:1,ideal,4000,2000,2000,nan,42.594800071887086,0.9996151143699955,plateau_0.16,0.16,5,0.17793038515422152,0.04592315809865029,2.2359391634036188,-0.9601465814940154,0.10331051121629094,2.106841139028485e-15,1.4953057090119124,0.001,2,1,1,continuation,2.0888283271088902e-15,1.4825213276934672,1.3021026710968536e-36,0.48252132769346723,True,inconclusive,True,"ideal.txt (10:1:1, 240 modes, k_max=253)",,local_cpp_scan,0.5990130000282079,0.03053449996514246,0.0012942000175826252,0.8830412999959663,legacy,continuation,1.4953057090119126,0.4953057090119126,6.280766984209381,-1.227890055172555,0.008049108231063962,1.4953057090119124,0.01278438131844517,False,False,dimensionless_x,-6.356720705369412e-14,1e-14,1e-13
10:1:1,ideal,8000,2000,2000,nan,42.59480007188709,0.9996528047398712,global,,0,0.07737202719473205,nan,0.9722855689132796,-0.35384465944026083,0.1551422050732187,1.3893085820522457e-15,0.9860454192953181,0.0,2,1,1,lowest_energy,1.3893085820522455e-15,0.986045419295318,2.9308455165603007e-36,0.01395458070468203,True,drift,True,"ideal.txt (10:1:1, 240 modes, k_max=253)",,local_cpp_scan,0.8797290999791585,0.03139710001414642,0.0013627000153064728,0.9351488000247627,legacy,continuation,0.9860454192953181,-0.013954580704681918,6.281003799787031,0.027714431086720448,0.0,nan,nan,False,False,dimensionless_x,-1.1102230246251565e-16,1e-14,1e-13
10:1:1,ideal,8000,2000,2000,nan,42.59480007188709,0.9996528047398712,global,,0,0.07737202719473205,nan,0.9722855689132796,-0.35384465944026083,0.1551422050732187,1.3893085820522457e-15,0.9860454192953181,0.001,2,1,1,continuation,1.383887054739628e-15,0.9821975540757033,2.9360007821496997e-36,0.017802445924296695,True,drift,True,"ideal.txt (10:1:1, 240 modes, k_max=253)",,local_cpp_scan,0.8797290999791585,0.03139710001414642,0.0013627000153064728,0.9541583000100218,legacy,continuation,0.9860454192953181,-0.013954580704681918,6.281003799787031,0.03576250705586818,0.00804807596914773,0.986045419295318,0.0038478652196146657,False,False,dimensionless_x,-3.903127820947816e-17,1e-14,1e-13
10:1:1,ideal,8000,2000,2000,nan,42.59480007188709,0.9996528047398712,plateau_0.08,0.08,1,0.14221221668676096,0.0,1.787091420775392,-0.7751515212003867,0.0662988260793267,1.883541456919359e-15,1.3368213870130117,0.0,2,1,1,lowest_energy,1.8835414569193585e-15,1.3368213870130115,1.2272540591556188e-36,0.33682138701301145,True,inconclusive,True,"ideal.txt (10:1:1, 240 modes, k_max=253)",parallel_theorem_candidate,local_cpp_scan,0.8797290999791585,0.03139710001414642,0.0013627000153064728,0.9755388000048697,legacy,continuation,1.3368213870130117,0.3368213870130117,6.281003799787031,-0.7870914207753921,0.0,nan,nan,False,False,dimensionless_x,-2.220446049250313e-16,1e-14,1e-13
10:1:1,ideal,8000,2000,2000,nan,42.59480007188709,0.9996528047398712,plateau_0.08,0.08,1,0.14221221668676096,0.0,1.787091420775392,-0.7751515212003867,0.0662988260793267,1.883541456919359e-15,1.3368213870130117,0.001,2,1,1,continuation,1.8711793955569885e-15,1.328047559414965,1.2406954030981881e-36,0.328047559414965,True,inconclusive,True,"ideal.txt (10:1:1, 240 modes, k_max=253)",parallel_theorem_candidate,local_cpp_scan,0.8797290999791585,0.03139710001414642,0.0013627000153064728,0.9935076999827288,legacy,continuation,1.3368213870130117,0.3368213870130117,6.281003799787031,-0.7790433448062444,0.00804807596914773,1.3368213870130115,0.008773827598046458,False,False,dimensionless_x,-2.0816681711721685e-17,1e-14,1e-13
10:1:1,ideal,8000,2000,2000,nan,42.59480007188709,0.9996528047398712,plateau_0.10,0.1,2,0.20516269983697882,0.06295048315021788,2.578150522394002,-1.1518117778887664,0.0827608942393399,2.2623298892483886e-15,1.6056620199761849,0.0,2,1,1,lowest_energy,2.2623298892483886e-15,1.6056620199761849,9.825150778380084e-39,0.6056620199761849,True,inconclusive,True,"ideal.txt (10:1:1, 240 modes, k_max=253)",parallel_theorem_candidate,local_cpp_scan,0.8797290999791585,0.03139710001414642,0.0013627000153064728,1.004667299974244,legacy,continuation,1.6056620199761849,0.6056620199761849,6.281003799787031,-1.5781505223940022,0.0,nan,nan,False,False,dimensionless_x,0.0,1e-14,1e-13
10:1:1,ideal,8000,2000,2000,nan,42.59480007188709,0.9996528047398712,plateau_0.10,0.1,2,0.20516269983697882,0.06295048315021788,2.578150522394002,-1.1518117778887664,0.0827608942393399,2.2623298892483886e-15,1.6056620199761849,0.001,2,1,1,continuation,2.2387979731432577e-15,1.588960519400675,3.6336889180316135e-38,0.5889605194006751,True,inconclusive,True,"ideal.txt (10:1:1, 240 modes, k_max=253)",parallel_theorem_candidate,local_cpp_scan,0.8797290999791585,0.03139710001414642,0.0013627000153064728,1.0193200000212528,legacy,continuation,1.6056620199761849,0.6056620199761849,6.281003799787031,-1.5701024464248545,0.00804807596914773,1.6056620199761849,0.016701500575509787,False,False,dimensionless_x,4.8183679268731794e-14,1e-14,1e-13
10:1:1,ideal,8000,2000,2000,nan,42.59480007188709,0.9996528047398712,plateau_0.12,0.12,3,0.21405019067431846,0.051569322232681,2.689834026087733,-1.2073011095782207,0.0827608942393399,2.3108116058134847e-15,1.6400713478650046,0.0,2,1,1,lowest_energy,2.3108116058134847e-15,1.6400713478650046,-2.40546298283457e-37,0.6400713478650046,True,inconclusive,True,"ideal.txt (10:1:1, 240 modes, k_max=253)",parallel_theorem_candidate,local_cpp_scan,0.8797290999791585,0.03139710001414642,0.0013627000153064728,1.0299603000166826,legacy,continuation,1.6400713478650046,0.6400713478650046,6.281003799787031,-1.6898340260877331,0.0,nan,nan,False,False,dimensionless_x,0.0,1e-14,1e-13
10:1:1,ideal,8000,2000,2000,nan,42.59480007188709,0.9996528047398712,plateau_0.12,0.12,3,0.21405019067431846,0.051569322232681,2.689834026087733,-1.2073011095782207,0.0827608942393399,2.3108116058134847e-15,1.6400713478650046,0.001,2,1,1,continuation,2.285203792162778e-15,1.621896503431849,-2.116595120711794e-37,0.6218965034318491,True,inconclusive,True,"ideal.txt (10:1:1, 240 modes, k_max=253)",parallel_theorem_candidate,local_cpp_scan,0.8797290999791585,0.03139710001414642,0.0013627000153064728,1.0428283999790438,legacy,continuation,1.6400713478650046,0.6400713478650046,6.281003799787031,-1.6817859501185854,0.00804807596914773,1.6400713478650046,0.018174844433155535,False,False,dimensionless_x,3.16760506713365e-14,1e-14,1e-13
10:1:1,ideal,8000,2000,2000,nan,42.59480007188709,0.9996528047398712,plateau_0.14,0.14,4,0.1959902879142702,0.04653487932072129,2.4628865947456786,-1.0688987708794595,0.10331051121629094,2.2111795339439482e-15,1.569358657141725,0.0,2,1,1,lowest_energy,2.2111795339439482e-15,1.569358657141725,8.97984078101773e-37,0.5693586571417251,True,inconclusive,True,"ideal.txt (10:1:1, 240 modes, k_max=253)",,local_cpp_scan,0.8797290999791585,0.03139710001414642,0.0013627000153064728,1.053602800006047,legacy,continuation,1.569358657141725,0.5693586571417251,6.281003799787031,-1.4628865947456786,0.0,nan,nan,False,False,dimensionless_x,0.0,1e-14,1e-13
10:1:1,ideal,8000,2000,2000,nan,42.59480007188709,0.9996528047398712,plateau_0.14,0.14,4,0.1959902879142702,0.04653487932072129,2.4628865947456786,-1.0688987708794595,0.10331051121629094,2.2111795339439482e-15,1.569358657141725,0.001,2,1,1,continuation,2.1896423189010842e-15,1.554072872175203,9.221985251605716e-37,0.5540728721752031,True,inconclusive,True,"ideal.txt (10:1:1, 240 modes, k_max=253)",,local_cpp_scan,0.8797290999791585,0.03139710001414642,0.0013627000153064728,1.0685776000027545,legacy,continuation,1.569358657141725,0.5693586571417251,6.281003799787031,-1.454838518776531,0.00804807596914773,1.569358657141725,0.015285784966521998,False,False,dimensionless_x,6.649542028114297e-14,1e-14,1e-13
10:1:1,ideal,8000,2000,2000,nan,42.59480007188709,0.9996528047398712,plateau_0.16,0.16,5,0.1779303851542219,0.045923158098650496,2.2359391634036236,-0.9601465814940178,0.10331051121629094,2.1068411390284874e-15,1.4953057090119142,0.0,2,1,1,lowest_energy,2.1068411390284874e-15,1.4953057090119142,1.2819865842941031e-36,0.4953057090119142,True,inconclusive,True,"ideal.txt (10:1:1, 240 modes, k_max=253)",,local_cpp_scan,0.8797290999791585,0.03139710001414642,0.0013627000153064728,1.0790236999746412,legacy,continuation,1.4953057090119142,0.4953057090119142,6.281003799787031,-1.2359391634036236,0.0,nan,nan,False,False,dimensionless_x,-2.220446049250313e-16,1e-14,1e-13
10:1:1,ideal,8000,2000,2000,nan,42.59480007188709,0.9996528047398712,plateau_0.16,0.16,5,0.1779303851542219,0.045923158098650496,2.2359391634036236,-0.9601465814940178,0.10331051121629094,2.1068411390284874e-15,1.4953057090119142,0.001,2,1,1,continuation,2.088831396327167e-15,1.4825235060350264,1.302099844046367e-36,0.48252350603502636,True,inconclusive,True,"ideal.txt (10:1:1, 240 modes, k_max=253)",,local_cpp_scan,0.8797290999791585,0.03139710001414642,0.0013627000153064728,1.0909955999813974,legacy,continuation,1.4953057090119142,0.4953057090119142,6.281003799787031,-1.227891087434476,0.00804807596914773,1.4953057090119142,0.012782202976887813,False,False,dimensionless_x,-6.354985981893435e-14,1e-14,1e-13
10:1:1,ideal,4000,4000,4000,nan,42.594800071887086,0.9996151143699955,global,,0,0.07797844407154088,nan,0.9799060281340615,-0.35619842087953774,0.11136780960536037,1.3947424308775188e-15,0.9899020295635633,0.0,2,1,1,lowest_energy,1.3947424308775188e-15,0.9899020295635633,2.9566671014763294e-36,0.010097970436436676,True,drift,True,"ideal.txt (10:1:1, 240 modes, k_max=253)",,local_cpp_scan,1.390712100022938,0.09473569999681786,0.0014250999665819108,1.4947885000146925,legacy,continuation,0.9899020295635632,-0.010097970436436787,6.280766984209381,0.02009397186593853,0.0,nan,nan,False,False,dimensionless_x,3.3306690738754696e-16,1e-14,1e-13
10:1:1,ideal,4000,4000,4000,nan,42.594800071887086,0.9996151143699955,global,,0,0.07797844407154088,nan,0.9799060281340615,-0.35619842087953774,0.11136780960536037,1.3947424308775188e-15,0.9899020295635633,0.001,2,1,1,continuation,1.3892701709998896e-15,0.9860181575028587,2.961881781404046e-36,0.013981842497141295,True,drift,True,"ideal.txt (10:1:1, 240 modes, k_max=253)",,local_cpp_scan,1.390712100022938,0.09473569999681786,0.0014250999665819108,1.5034088999964297,legacy,continuation,0.9899020295635632,-0.010097970436436787,6.280766984209381,0.028143080097002494,0.008049108231063962,0.9899020295635633,0.0038838720607046184,False,False,dimensionless_x,1.3877787807814457e-17,1e-14,1e-13
10:1:1,ideal,4000,4000,4000,nan,42.594800071887086,0.9996151143699955,plateau_0.04,0.04,1,0.12095851643713118,0.0,1.5200095465120462,-0.6636469032524783,0.033652797415137235,1.7371005441338856e-15,1.2328866722095937,0.0,2,1,1,lowest_energy,1.7371005441338856e-15,1.2328866722095937,1.1786823199299773e-36,0.2328866722095937,True,inconclusive,True,"ideal.txt (10:1:1, 240 modes, k_max=253)",parallel_theorem_candidate,local_cpp_scan,1.390712100022938,0.09473569999681786,0.0014250999665819108,1.5097373999888077,legacy,continuation,1.2328866722095937,0.2328866722095937,6.280766984209381,-0.5200095465120462,0.0,nan,nan,False,False,dimensionless_x,0.0,1e-14,1e-13
10:1:1,ideal,4000,4000,4000,nan,42.594800071887086,0.9996151143699955,plateau_0.04,0.04,1,0.12095851643713118,0.0,1.5200095465120462,-0.6636469032524783,0.033652797415137235,1.7371005441338856e-15,1.2328866722095937,0.001,2,1,1,continuation,1.7274112564983511e-15,1.2260098143159064,1.1889275161706361e-36,0.2260098143159064,True,inconclusive,True,"ideal.txt (10:1:1, 240 modes, k_max=253)",parallel_theorem_candidate,local_cpp_scan,1.390712100022938,0.09473569999681786,0.0014250999665819108,1.5181545999948867,legacy,continuation,1.2328866722095937,0.2328866722095937,6.280766984209381,-0.5119604382809823,0.008049108231063962,1.2328866722095937,0.006876857893687305,False,False,dimensionless_x,2.6020852139652106e-17,1e-14,1e-13
10:1:1,ideal,4000,4000,4000,nan,42.594800071887086,0.9996151143699955,plateau_0.06,0.06,3,0.15271708568015474,0.028633873980793055,1.9190994978016684,-0.8749576155245206,0.04143911546780094,1.9518684511244926e-15,1.3853156672042903,0.0,2,1,1,lowest_energy,1.9518684511244926e-15,1.3853156672042903,1.3007174706568002e-37,0.38531566720429034,True,inconclusive,True,"ideal.txt (10:1:1, 240 modes, k_max=253)",parallel_theorem_candidate,local_cpp_scan,1.390712100022938,0.09473569999681786,0.0014250999665819108,1.524644499993883,legacy,continuation,1.3853156672042906,0.38531566720429056,6.280766984209381,-0.9190994978016684,0.0,nan,nan,False,False,dimensionless_x,-2.220446049250313e-16,1e-14,1e-13
10:1:1,ideal,4000,4000,4000,nan,42.594800071887086,0.9996151143699955,plateau_0.06,0.06,3,0.15271708568015474,0.028633873980793055,1.9190994978016684,-0.8749576155245206,0.04143911546780094,1.9518684511244926e-15,1.3853156672042903,0.001,2,1,1,continuation,1.9380062475009644e-15,1.3754771312872893,1.4529688149107385e-37,0.3754771312872893,True,inconclusive,True,"ideal.txt (10:1:1, 240 modes, k_max=253)",parallel_theorem_candidate,local_cpp_scan,1.390712100022938,0.09473569999681786,0.0014250999665819108,1.5331107000238262,legacy,continuation,1.3853156672042906,0.38531566720429056,6.280766984209381,-0.9110503895706045,0.008049108231063962,1.3853156672042903,0.009838535917001012,False,False,dimensionless_x,9.71445146547012e-17,1e-14,1e-13
10:1:1,ideal,4000,4000,4000,nan,42.594800071887086,0.9996151143699955,plateau_0.08,0.08,5,0.12718346942376355,0.029169091787945505,1.5982346127990306,-0.6892888755827117,0.05102697019717391,1.781238463162789e-15,1.264213040906884,0.0,2,1,1,lowest_energy,1.781238463162789e-15,1.264213040906884,1.3710328820162051e-36,0.2642130409068839,True,inconclusive,True,"ideal.txt (10:1:1, 240 modes, k_max=253)",parallel_theorem_candidate,local_cpp_scan,1.390712100022938,0.09473569999681786,0.0014250999665819108,1.539483400003519,legacy,continuation,1.264213040906884,0.2642130409068839,6.280766984209381,-0.5982346127990306,0.0,nan,nan,False,False,dimensionless_x,0.0,1e-14,1e-13
10:1:1,ideal,4000,4000,4000,nan,42.594800071887086,0.9996151143699955,plateau_0.08,0.08,5,0.12718346942376355,0.029169091787945505,1.5982346127990306,-0.6892888755827117,0.05102697019717391,1.781238463162789e-15,1.264213040906884,0.001,2,1,1,continuation,1.770811866616892e-15,1.2568128866893555,1.38216115037088e-36,0.25681288668935554,True,inconclusive,True,"ideal.txt (10:1:1, 240 modes, k_max=253)",parallel_theorem_candidate,local_cpp_scan,1.390712100022938,0.09473569999681786,0.0014250999665819108,1.5481550000258721,legacy,continuation,1.264213040906884,0.2642130409068839,6.280766984209381,-0.5901855045679666,0.008049108231063962,1.264213040906884,0.007400154217528376,False,False,dimensionless_x,8.847089727481716e-17,1e-14,1e-13
10:1:1,ideal,4000,4000,4000,nan,42.594800071887086,0.9996151143699955,plateau_0.10,0.1,7,0.12095851643713118,0.033634621763429205,1.5200095465120462,-0.6368016651978409,0.06283318690830755,1.7371005441338856e-15,1.2328866722095937,0.0,2,1,1,lowest_energy,1.7371005441338856e-15,1.2328866722095937,1.8431577905055324e-36,0.2328866722095937,True,inconclusive,True,"ideal.txt (10:1:1, 240 modes, k_max=253)",parallel_theorem_candidate,local_cpp_scan,1.390712100022938,0.09473569999681786,0.0014250999665819108,1.5543592000030912,legacy,continuation,1.2328866722095937,0.2328866722095937,6.280766984209381,-0.5200095465120462,0.0,nan,nan,False,False,dimensionless_x,0.0,1e-14,1e-13
10:1:1,ideal,4000,4000,4000,nan,42.594800071887086,0.9996151143699955,plateau_0.10,0.1,7,0.12095851643713118,0.033634621763429205,1.5200095465120462,-0.6368016651978409,0.06283318690830755,1.7371005441338856e-15,1.2328866722095937,0.001,2,1,1,continuation,1.7274112564983511e-15,1.2260098143159064,1.853402986746191e-36,0.2260098143159064,True,inconclusive,True,"ideal.txt (10:1:1, 240 modes, k_max=253)",parallel_theorem_candidate,local_cpp_scan,1.390712100022938,0.09473569999681786,0.0014250999665819108,1.5636112000211142,legacy,continuation,1.2328866722095937,0.2328866722095937,6.280766984209381,-0.5119604382809823,0.008049108231063962,1.2328866722095937,0.006876857893687305,False,False,dimensionless_x,2.6020852139652106e-17,1e-14,1e-13
10:1:1,ideal,4000,4000,4000,nan,42.594800071887086,0.9996151143699955,plateau_0.12,0.12,9,0.10893288166298051,0.037053788735546954,1.3688909630671435,-0.5480200730381055,0.07737103264800481,1.6484896575368216e-15,1.169996138056508,0.0,2,1,1,lowest_energy,1.6484896575368216e-15,1.169996138056508,2.4315477556157382e-36,0.16999613805650804,True,inconclusive,True,"ideal.txt (10:1:1, 240 modes, k_max=253)",parallel_theorem_candidate,local_cpp_scan,1.390712100022938,0.09473569999681786,0.0014250999665819108,1.5699883000343107,legacy,continuation,1.169996138056508,0.16999613805650804,6.280766984209381,-0.36889096306714353,0.0,nan,nan,False,False,dimensionless_x,0.0,1e-14,1e-13
10:1:1,ideal,4000,4000,4000,nan,42.594800071887086,0.9996151143699955,plateau_0.12,0.12,9,0.10893288166298051,0.037053788735546954,1.3688909630671435,-0.5480200730381055,0.07737103264800481,1.6484896575368216e-15,1.169996138056508,0.001,2,1,1,continuation,1.6401261212840478e-15,1.1640602166077425,2.440204378253355e-36,0.1640602166077425,True,inconclusive,True,"ideal.txt (10:1:1, 240 modes, k_max=253)",parallel_theorem_candidate,local_cpp_scan,1.390712100022938,0.09473569999681786,0.0014250999665819108,1.5787452000076883,legacy,continuation,1.169996138056508,0.16999613805650804,6.280766984209381,-0.36084185483607956,0.008049108231063962,1.169996138056508,0.005935921448765535,False,False,dimensionless_x,4.0592529337857286e-16,1e-14,1e-13
10:1:1,ideal,4000,4000,4000,nan,42.594800071887086,0.9996151143699955,plateau_0.14,0.14,10,0.10208358535542467,0.03830909138450208,1.2828201672188349,-0.5047950201660643,0.08585647348517168,1.5958228819229152e-15,1.132616513749837,0.0,2,1,1,lowest_energy,1.5958228819229152e-15,1.132616513749837,2.5777214250162818e-36,0.13261651374983696,True,inconclusive,True,"ideal.txt (10:1:1, 240 modes, k_max=253)",,local_cpp_scan,1.390712100022938,0.09473569999681786,0.0014250999665819108,1.5849675000063144,legacy,continuation,1.132616513749837,0.13261651374983696,6.280766984209381,-0.28282016721883485,0.0,nan,nan,False,False,dimensionless_x,-2.220446049250313e-16,1e-14,1e-13
10:1:1,ideal,4000,4000,4000,nan,42.594800071887086,0.9996151143699955,plateau_0.14,0.14,10,0.10208358535542467,0.03830909138450208,1.2828201672188349,-0.5047950201660643,0.08585647348517168,1.5958228819229152e-15,1.132616513749837,0.001,2,1,1,continuation,1.5881602816297605e-15,1.1271780733510919,2.5855390407267172e-36,0.12717807335109188,True,inconclusive,True,"ideal.txt (10:1:1, 240 modes, k_max=253)",,local_cpp_scan,1.390712100022938,0.09473569999681786,0.0014250999665819108,1.59350280003855,legacy,continuation,1.132616513749837,0.13261651374983696,6.280766984209381,-0.2747710589877709,0.008049108231063962,1.132616513749837,0.005438440398745081,False,False,dimensionless_x,-2.7755575615628914e-17,1e-14,1e-13
10:1:1,ideal,4000,4000,4000,nan,42.594800071887086,0.9996151143699955,plateau_0.16,0.16,11,0.10893288166298051,0.0365392442678737,1.3688909630671435,-0.5473073042113252,0.08585647348517168,1.6484896575368216e-15,1.169996138056508,0.0,2,1,1,lowest_energy,1.6484896575368216e-15,1.169996138056508,2.449190266388877e-36,0.16999613805650804,True,inconclusive,True,"ideal.txt (10:1:1, 240 modes, k_max=253)",,local_cpp_scan,1.390712100022938,0.09473569999681786,0.0014250999665819108,1.5996309000183828,legacy,continuation,1.169996138056508,0.16999613805650804,6.280766984209381,-0.36889096306714353,0.0,nan,nan,False,False,dimensionless_x,0.0,1e-14,1e-13
10:1:1,ideal,4000,4000,4000,nan,42.594800071887086,0.9996151143699955,plateau_0.16,0.16,11,0.10893288166298051,0.0365392442678737,1.3688909630671435,-0.5473073042113252,0.08585647348517168,1.6484896575368216e-15,1.169996138056508,0.001,2,1,1,continuation,1.6401261212840478e-15,1.1640602166077425,2.457846889026494e-36,0.1640602166077425,True,inconclusive,True,"ideal.txt (10:1:1, 240 modes, k_max=253)",,local_cpp_scan,1.390712100022938,0.09473569999681786,0.0014250999665819108,1.6079071999993175,legacy,continuation,1.169996138056508,0.16999613805650804,6.280766984209381,-0.36084185483607956,0.008049108231063962,1.169996138056508,0.005935921448765535,False,False,dimensionless_x,4.0592529337857286e-16,1e-14,1e-13
10:1:1,ideal,8000,4000,4000,nan,42.59480007188709,0.9996151143699955,global,,0,0.07797844407154088,nan,0.9799060281340615,-0.3561984208795378,0.11136780960536037,1.3947424308775188e-15,0.9899020295635633,0.0,2,1,1,lowest_energy,1.3947424308775188e-15,0.9899020295635633,2.9566671014763287e-36,0.010097970436436676,True,drift,True,"ideal.txt (10:1:1, 240 modes, k_max=253)",,local_cpp_scan,1.3646116000018083,0.08115390001330525,0.0009723999537527561,1.4545121000264771,legacy,continuation,0.9899020295635632,-0.010097970436436787,6.280766984209381,0.02009397186593853,0.0,nan,nan,False,False,dimensionless_x,3.3306690738754696e-16,1e-14,1e-13
10:1:1,ideal,8000,4000,4000,nan,42.59480007188709,0.9996151143699955,global,,0,0.07797844407154088,nan,0.9799060281340615,-0.3561984208795378,0.11136780960536037,1.3947424308775188e-15,0.9899020295635633,0.001,2,1,1,continuation,1.3892701709998896e-15,0.9860181575028587,2.9618817814040465e-36,0.013981842497141295,True,drift,True,"ideal.txt (10:1:1, 240 modes, k_max=253)",,local_cpp_scan,1.3646116000018083,0.08115390001330525,0.0009723999537527561,1.4636212000041269,legacy,continuation,0.9899020295635632,-0.010097970436436787,6.280766984209381,0.028143080097002494,0.008049108231063962,0.9899020295635633,0.0038838720607046184,False,False,dimensionless_x,1.3877787807814457e-17,1e-14,1e-13
10:1:1,ideal,8000,4000,4000,nan,42.59480007188709,0.9996151143699955,plateau_0.04,0.04,1,0.12095851643713172,0.0,1.520009546512053,-0.6636469032524821,0.033652797415137235,1.7371005441338896e-15,1.2328866722095966,0.0,2,1,1,lowest_energy,1.7371005441338896e-15,1.2328866722095966,1.178682319929957e-36,0.23288667220959658,True,inconclusive,True,"ideal.txt (10:1:1, 240 modes, k_max=253)",parallel_theorem_candidate,local_cpp_scan,1.3646116000018083,0.08115390001330525,0.0009723999537527561,1.4702220000326633,legacy,continuation,1.2328866722095966,0.23288667220959658,6.280766984209381,-0.5200095465120531,0.0,nan,nan,False,False,dimensionless_x,0.0,1e-14,1e-13
10:1:1,ideal,8000,4000,4000,nan,42.59480007188709,0.9996151143699955,plateau_0.04,0.04,1,0.12095851643713172,0.0,1.520009546512053,-0.6636469032524821,0.033652797415137235,1.7371005441338896e-15,1.2328866722095966,0.001,2,1,1,continuation,1.7274112564983553e-15,1.2260098143159093,1.1889275161706162e-36,0.22600981431590927,True,inconclusive,True,"ideal.txt (10:1:1, 240 modes, k_max=253)",parallel_theorem_candidate,local_cpp_scan,1.3646116000018083,0.08115390001330525,0.0009723999537527561,1.478689800016582,legacy,continuation,1.2328866722095966,0.23288667220959658,6.280766984209381,-0.5119604382809891,0.008049108231063962,1.2328866722095966,0.006876857893687305,False,False,dimensionless_x,3.434752482434078e-16,1e-14,1e-13
10:1:1,ideal,8000,4000,4000,nan,42.59480007188709,0.9996151143699955,plateau_0.06,0.06,3,0.15271708568015474,0.028633873980792843,1.9190994978016684,-0.8749576155245204,0.04143911546780094,1.9518684511244926e-15,1.3853156672042903,0.0,2,1,1,lowest_energy,1.9518684511244926e-15,1.3853156672042903,1.300717470656827e-37,0.38531566720429034,True,inconclusive,True,"ideal.txt (10:1:1, 240 modes, k_max=253)",parallel_theorem_candidate,local_cpp_scan,1.3646116000018083,0.08115390001330525,0.0009723999537527561,1.4847565999953076,legacy,continuation,1.3853156672042906,0.38531566720429056,6.280766984209381,-0.9190994978016684,0.0,nan,nan,False,False,dimensionless_x,-2.220446049250313e-16,1e-14,1e-13
10:1:1,ideal,8000,4000,4000,nan,42.59480007188709,0.9996151143699955,plateau_0.06,0.06,3,0.15271708568015474,0.028633873980792843,1.9190994978016684,-0.8749576155245204,0.04143911546780094,1.9518684511244926e-15,1.3853156672042903,0.001,2,1,1,continuation,1.9380062475009644e-15,1.3754771312872893,1.4529688149107986e-37,0.3754771312872893,True,inconclusive,True,"ideal.txt (10:1:1, 240 modes, k_max=253)",parallel_theorem_candidate,local_cpp_scan,1.3646116000018083,0.08115390001330525,0.0009723999537527561,1.4929427999886684,legacy,continuation,1.3853156672042906,0.38531566720429056,6.280766984209381,-0.9110503895706045,0.008049108231063962,1.3853156672042903,0.009838535917001012,False,False,dimensionless_x,9.71445146547012e-17,1e-14,1e-13
10:1:1,ideal,8000,4000,4000,nan,42.59480007188709,0.9996151143699955,plateau_0.08,0.08,5,0.1271834694237638,0.02916909178794541,1.5982346127990337,-0.6892888755827132,0.05102697019717391,1.781238463162791e-15,1.2642130409068852,0.0,2,1,1,lowest_energy,1.7812384631627907e-15,1.264213040906885,1.3710328820162001e-36,0.264213040906885,True,inconclusive,True,"ideal.txt (10:1:1, 240 modes, k_max=253)",parallel_theorem_candidate,local_cpp_scan,1.3646116000018083,0.08115390001330525,0.0009723999537527561,1.498946400010027,legacy,continuation,1.2642130409068852,0.26421304090688524,6.280766984209381,-0.5982346127990337,0.0,nan,nan,False,False,dimensionless_x,-2.220446049250313e-16,1e-14,1e-13
10:1:1,ideal,8000,4000,4000,nan,42.59480007188709,0.9996151143699955,plateau_0.08,0.08,5,0.1271834694237638,0.02916909178794541,1.5982346127990337,-0.6892888755827132,0.05102697019717391,1.781238463162791e-15,1.2642130409068852,0.001,2,1,1,continuation,1.770811866616894e-15,1.2568128866893569,1.3821611503708759e-36,0.25681288668935687,True,inconclusive,True,"ideal.txt (10:1:1, 240 modes, k_max=253)",parallel_theorem_candidate,local_cpp_scan,1.3646116000018083,0.08115390001330525,0.0009723999537527561,1.5071421000175178,legacy,continuation,1.2642130409068852,0.26421304090688524,6.280766984209381,-0.5901855045679697,0.008049108231063962,1.264213040906885,0.007400154217528154,False,False,dimensionless_x,1.3357370765021415e-16,1e-14,1e-13
10:1:1,ideal,8000,4000,4000,nan,42.59480007188709,0.9996151143699955,plateau_0.10,0.1,7,0.12095851643713172,0.03363462176342918,1.520009546512053,-0.6368016651978443,0.06283318690830755,1.7371005441338896e-15,1.2328866722095966,0.0,2,1,1,lowest_energy,1.7371005441338896e-15,1.2328866722095966,1.8431577905055207e-36,0.23288667220959658,True,inconclusive,True,"ideal.txt (10:1:1, 240 modes, k_max=253)",parallel_theorem_candidate,local_cpp_scan,1.3646116000018083,0.08115390001330525,0.0009723999537527561,1.5131659000180662,legacy,continuation,1.2328866722095966,0.23288667220959658,6.280766984209381,-0.5200095465120531,0.0,nan,nan,False,False,dimensionless_x,0.0,1e-14,1e-13
10:1:1,ideal,8000,4000,4000,nan,42.59480007188709,0.9996151143699955,plateau_0.10,0.1,7,0.12095851643713172,0.03363462176342918,1.520009546512053,-0.6368016651978443,0.06283318690830755,1.7371005441338896e-15,1.2328866722095966,0.001,2,1,1,continuation,1.7274112564983553e-15,1.2260098143159093,1.85340298674618e-36,0.22600981431590927,True,inconclusive,True,"ideal.txt (10:1:1, 240 modes, k_max=253)",parallel_theorem_candidate,local_cpp_scan,1.3646116000018083,0.08115390001330525,0.0009723999537527561,1.521390700014308,legacy,continuation,1.2328866722095966,0.23288667220959658,6.280766984209381,-0.5119604382809891,0.008049108231063962,1.2328866722095966,0.006876857893687305,False,False,dimensionless_x,3.434752482434078e-16,1e-14,1e-13
10:1:1,ideal,8000,4000,4000,nan,42.59480007188709,0.9996151143699955,plateau_0.12,0.12,9,0.10893288166298051,0.03705378873554697,1.3688909630671435,-0.5480200730381055,0.07737103264800481,1.6484896575368216e-15,1.169996138056508,0.0,2,1,1,lowest_energy,1.6484896575368216e-15,1.169996138056508,2.431547755615739e-36,0.16999613805650804,True,inconclusive,True,"ideal.txt (10:1:1, 240 modes, k_max=253)",parallel_theorem_candidate,local_cpp_scan,1.3646116000018083,0.08115390001330525,0.0009723999537527561,1.5272711000288837,legacy,continuation,1.169996138056508,0.16999613805650804,6.280766984209381,-0.36889096306714353,0.0,nan,nan,False,False,dimensionless_x,0.0,1e-14,1e-13
10:1:1,ideal,8000,4000,4000,nan,42.59480007188709,0.9996151143699955,plateau_0.12,0.12,9,0.10893288166298051,0.03705378873554697,1.3688909630671435,-0.5480200730381055,0.07737103264800481,1.6484896575368216e-15,1.169996138056508,0.001,2,1,1,continuation,1.6401261212840478e-15,1.1640602166077425,2.4402043782533558e-36,0.1640602166077425,True,inconclusive,True,"ideal.txt (10:1:1, 240 modes, k_max=253)",parallel_theorem_candidate,local_cpp_scan,1.3646116000018083,0.08115390001330525,0.0009723999537527561,1.5353928999975324,legacy,continuation,1.169996138056508,0.16999613805650804,6.280766984209381,-0.36084185483607956,0.008049108231063962,1.169996138056508,0.005935921448765535,False,False,dimensionless_x,4.0592529337857286e-16,1e-14,1e-13
10:1:1,ideal,8000,4000,4000,nan,42.59480007188709,0.9996151143699955,plateau_0.14,0.14,10,0.1020835853554246,0.03830909138450209,1.282820167218834,-0.5047950201660638,0.08585647348517168,1.595822881922915e-15,1.1326165137498367,0.0,2,1,1,lowest_energy,1.595822881922915e-15,1.1326165137498367,2.5777214250162878e-36,0.13261651374983674,True,inconclusive,True,"ideal.txt (10:1:1, 240 modes, k_max=253)",,local_cpp_scan,1.3646116000018083,0.08115390001330525,0.0009723999537527561,1.5413692999863997,legacy,continuation,1.1326165137498367,0.13261651374983674,6.280766984209381,-0.28282016721883396,0.0,nan,nan,False,False,dimensionless_x,2.220446049250313e-16,1e-14,1e-13
10:1:1,ideal,8000,4000,4000,nan,42.59480007188709,0.9996151143699955,plateau_0.14,0.14,10,0.1020835853554246,0.03830909138450209,1.282820167218834,-0.5047950201660638,0.08585647348517168,1.595822881922915e-15,1.1326165137498367,0.001,2,1,1,continuation,1.5881602816297601e-15,1.1271780733510917,2.58553904072672e-36,0.12717807335109166,True,inconclusive,True,"ideal.txt (10:1:1, 240 modes, k_max=253)",,local_cpp_scan,1.3646116000018083,0.08115390001330525,0.0009723999537527561,1.5494328999775462,legacy,continuation,1.1326165137498367,0.13261651374983674,6.280766984209381,-0.27477105898777,0.008049108231063962,1.1326165137498367,0.005438440398745081,False,False,dimensionless_x,4.145989107584569e-16,1e-14,1e-13
10:1:1,ideal,8000,4000,4000,nan,42.59480007188709,0.9996151143699955,plateau_0.16,0.16,11,0.10893288166298051,0.03653924426787371,1.3688909630671435,-0.5473073042113252,0.08585647348517168,1.6484896575368216e-15,1.169996138056508,0.0,2,1,1,lowest_energy,1.6484896575368216e-15,1.169996138056508,2.4491902663888776e-36,0.16999613805650804,True,inconclusive,True,"ideal.txt (10:1:1, 240 modes, k_max=253)",,local_cpp_scan,1.3646116000018083,0.08115390001330525,0.0009723999537527561,1.5553412000299431,legacy,continuation,1.169996138056508,0.16999613805650804,6.280766984209381,-0.36889096306714353,0.0,nan,nan,False,False,dimensionless_x,0.0,1e-14,1e-13
10:1:1,ideal,8000,4000,4000,nan,42.59480007188709,0.9996151143699955,plateau_0.16,0.16,11,0.10893288166298051,0.03653924426787371,1.3688909630671435,-0.5473073042113252,0.08585647348517168,1.6484896575368216e-15,1.169996138056508,0.001,2,1,1,continuation,1.6401261212840478e-15,1.1640602166077425,2.4578468890264945e-36,0.1640602166077425,True,inconclusive,True,"ideal.txt (10:1:1, 240 modes, k_max=253)",,local_cpp_scan,1.3646116000018083,0.08115390001330525,0.0009723999537527561,1.5632964000105858,legacy,continuation,1.169996138056508,0.16999613805650804,6.280766984209381,-0.36084185483607956,0.008049108231063962,1.169996138056508,0.005935921448765535,False,False,dimensionless_x,4.0592529337857286e-16,1e-14,1e-13
